-- phpMyAdmin SQL Dump
-- version 5.2.1
-- https://www.phpmyadmin.net/
--
-- Host: 127.0.0.1
-- Generation Time: Jun 09, 2026 at 10:04 AM
-- Server version: 10.4.32-MariaDB
-- PHP Version: 8.2.12

SET SQL_MODE = "NO_AUTO_VALUE_ON_ZERO";
START TRANSACTION;
SET time_zone = "+00:00";


/*!40101 SET @OLD_CHARACTER_SET_CLIENT=@@CHARACTER_SET_CLIENT */;
/*!40101 SET @OLD_CHARACTER_SET_RESULTS=@@CHARACTER_SET_RESULTS */;
/*!40101 SET @OLD_COLLATION_CONNECTION=@@COLLATION_CONNECTION */;
/*!40101 SET NAMES utf8mb4 */;

--
-- Database: `edsr2`
--

-- --------------------------------------------------------

--
-- Table structure for table `categories`
--

CREATE TABLE `categories` (
  `id` int(200) NOT NULL,
  `field` varchar(200) NOT NULL,
  `category_name` varchar(200) NOT NULL,
  `is_deleted` tinyint(1) NOT NULL DEFAULT 0
) ENGINE=InnoDB DEFAULT CHARSET=utf8mb4 COLLATE=utf8mb4_general_ci;

--
-- Dumping data for table `categories`
--

INSERT INTO `categories` (`id`, `field`, `category_name`, `is_deleted`) VALUES
(2, 'Account Category', 'NEW', 0),
(3, 'Account Category', 'EXISTING', 0),
(70, 'Source of Account', 'Bidding', 0),
(71, 'Source of Account', 'Outbound Inquiry', 0),
(72, 'Source of Account', 'Database', 0),
(73, 'Source of Account', 'Exhibit', 0),
(74, 'Source of Account', 'Inbound Inquiry', 0),
(75, 'Source of Account', 'Referral', 0),
(76, 'Source of Account', 'Walk-in', 0),
(78, 'Contract Type', 'Rental', 0),
(79, 'Contract Type', 'Kitbuyer', 0),
(80, 'Contract Type', 'GCC', 0),
(81, 'Contract Type', 'DDS', 1),
(82, 'Contract Type', 'EMPS', 1),
(83, 'Contract Type', 'RDM', 1),
(84, 'Contract Type', 'Furniture', 0),
(219, 'Account Status', 'N/A', 0),
(220, 'Account Status', 'Prospecting', 1),
(221, 'Account Status', 'Data Gathering', 1),
(222, 'Account Status', 'Proposal', 1),
(223, 'Account Status', 'Demonstration', 1),
(224, 'Account Status', 'Negotiation', 1),
(225, 'Account Status', 'Completion of Documents', 1),
(226, 'Account Status', 'Closed', 1),
(227, 'Account Status', 'For Pricing Approval', 1),
(228, 'Account Status', 'For Credit Approval', 1),
(229, 'Account Status', 'Scheduled for Delivery', 1),
(230, 'Account Status', 'Won', 0),
(231, 'Account Status', 'Collection', 1),
(232, 'Account Status', 'Accounts Maintenance', 1),
(233, 'Account Status', 'Lost', 1),
(235, 'Account Status', 'Dropped', 1),
(243, 'Nature of Call', 'Courtesy Visit', 0),
(244, 'Nature of Call', 'Message/Call', 0),
(245, 'Nature of Call', 'Virtual Meeting', 0),
(246, 'Nature of Call', 'Face to Face Meeting', 0),
(251, 'Type of End-User', 'Centralized', 0),
(252, 'Type of End-User', 'Various', 0),
(253, 'Source of Account', 'Events', 0),
(254, 'Source of Account', 'Existing', 0),
(255, 'Product Type', 'KM MFP', 0),
(256, 'Product Type', 'KM PP', 0),
(257, 'Product Type', 'KM IP', 0),
(258, 'Product Type', 'RISO', 0),
(259, 'Product Type', 'KM CONS', 0),
(260, 'Product Type', 'RISO CONS', 0),
(261, 'Product Type', 'YSOFT', 0),
(262, 'Product Type', 'DOCUVU', 0),
(263, 'Product Type', 'DDS', 1),
(264, 'Product Type', 'DMS', 0),
(265, 'Product Type', 'OKAMURA', 0),
(266, 'Product Type', 'U-BIX FURNITURE', 0),
(267, 'Terms of Payment', 'Cash', 0),
(268, 'Terms of Payment', 'Installment', 0),
(269, 'Terms of Payment', 'Advance Payment', 0),
(270, 'Terms of Payment', 'Check', 0),
(271, 'Terms of Payment', 'Bank Transfer', 0),
(272, 'Terms of Payment', 'Credit Card', 0),
(273, 'Contract Type', 'GCC+', 0),
(274, 'Account Status', 'Accreditation', 1),
(275, 'SBU', 'Acquisition', 1),
(276, 'SBU', 'UIC', 1),
(277, 'SBU', 'Furniture', 0),
(278, 'SBU', 'Retention - Rental', 1),
(279, 'SBU', 'Retention - OP', 1),
(280, 'SBU', 'Enterprise', 1),
(281, 'SBU', 'PP', 1),
(282, 'SBU', 'RISO', 1),
(283, 'Nature of Call', 'Email', 0),
(284, 'Existing System', 'Kyocera', 0),
(285, 'Existing System', 'Develop', 0),
(286, 'Existing System', 'Konica Minolta', 0),
(287, 'Existing System', 'Fuji Xerox', 0),
(288, 'Existing System', 'Fujifilm', 0),
(289, 'Existing System', 'Ricoh', 0),
(290, 'Existing System', 'HP', 0),
(291, 'Existing System', 'Sharp', 0),
(292, 'Existing System', 'Canon', 0),
(293, 'Existing System', 'Brother', 0),
(294, 'Existing System', 'Epson', 0),
(295, 'Existing System', 'Toshiba', 0),
(296, 'Existing System', 'Gestetner', 0),
(297, 'Existing System', 'Samsung', 0),
(298, 'Existing System', 'Muratec', 0),
(299, 'Existing System', 'Duplo', 0),
(300, 'Existing System', 'Riso', 0),
(301, 'Existing System', 'Lexmark', 0),
(302, 'Device Condition', 'Brand New', 0),
(303, 'Device Condition', 'Remac', 0),
(304, 'Segment', 'Agriculture & Farming', 0),
(305, 'Segment', 'Airline - Services', 0),
(306, 'Segment', 'Bank & Finance', 0),
(307, 'Segment', 'BPO', 0),
(308, 'Segment', 'Broadcast/Media', 0),
(309, 'Segment', 'Business and Management Consultancy', 0),
(310, 'Segment', 'Commercial Printing', 0),
(311, 'Segment', 'Construction', 0),
(312, 'Segment', 'Cooperative', 0),
(313, 'Segment', 'Distribution', 0),
(314, 'Segment', 'Education', 0),
(315, 'Segment', 'Government', 0),
(316, 'Segment', 'Health Care', 0),
(317, 'Segment', 'Hospitality', 0),
(318, 'Segment', 'IT Service Provider', 0),
(319, 'Segment', 'Law Firm', 0),
(320, 'Segment', 'Manpower Agency', 0),
(321, 'Segment', 'Manufacturing', 0),
(322, 'Segment', 'Marketing & Advertising', 0),
(323, 'Segment', 'Mining', 0),
(324, 'Segment', 'NGO', 0),
(325, 'Segment', 'Personal Use', 0),
(326, 'Segment', 'Pharmaceutical', 0),
(327, 'Segment', 'Power/Utilities', 0),
(328, 'Segment', 'Printing Services', 0),
(329, 'Segment', 'Real Estate', 0),
(330, 'Segment', 'Recreation Leisure Hotel & Travel', 0),
(331, 'Segment', 'Religious Organization', 0),
(332, 'Segment', 'Security Agency', 0),
(333, 'Segment', 'Telecommunication', 0),
(334, 'Segment', 'Trading Goods & Services', 0),
(335, 'Segment', 'Transportation/Logistics', 0),
(336, 'Terms of Payment', 'N/A', 0),
(337, 'Existing System', 'N/A', 0),
(338, 'Product Type', 'IFPD', 0),
(339, 'SBU', 'Rental', 0),
(340, 'SBU', 'OP MFP', 0),
(341, 'SBU', 'OP - PP ', 0),
(342, 'SBU', 'OP - Riso', 0),
(343, 'SBU', 'OP - Consumables', 0),
(344, 'Source of Account', 'Canvass', 0),
(345, 'Account Status', 'Qualified', 0),
(346, 'Account Status', 'Negotiation', 0),
(348, 'Account Status', 'Lost', 0),
(349, 'Account Status', 'Dropped', 0);

-- --------------------------------------------------------

--
-- Table structure for table `dashboard_settings`
--

CREATE TABLE `dashboard_settings` (
  `id` int(11) NOT NULL,
  `setting_key` varchar(100) NOT NULL,
  `setting_value` varchar(255) NOT NULL,
  `updated_at` timestamp NOT NULL DEFAULT current_timestamp() ON UPDATE current_timestamp()
) ENGINE=InnoDB DEFAULT CHARSET=utf8mb4 COLLATE=utf8mb4_general_ci;

--
-- Dumping data for table `dashboard_settings`
--

INSERT INTO `dashboard_settings` (`id`, `setting_key`, `setting_value`, `updated_at`) VALUES
(1, 'kpi_sales_target', '2000000', '2026-06-05 09:42:19'),
(12, 'aging_days_threshold', '60', '2026-06-09 03:19:13');

-- --------------------------------------------------------

--
-- Table structure for table `encoded`
--

CREATE TABLE `encoded` (
  `id` int(200) NOT NULL,
  `LID` varchar(20) GENERATED ALWAYS AS (concat('2026-',lpad(`id`,5,'0'))) VIRTUAL,
  `sbu` varchar(255) DEFAULT NULL,
  `accExec` varchar(100) NOT NULL,
  `callDate` date NOT NULL,
  `accName` varchar(200) NOT NULL,
  `arsExpiryDate` date DEFAULT NULL,
  `accCat` varchar(100) NOT NULL,
  `existingSystem` varchar(255) DEFAULT NULL,
  `endOfContractCompetitor` date DEFAULT NULL,
  `endUser` varchar(100) NOT NULL,
  `industry` varchar(200) DEFAULT NULL,
  `industrySubcategory` varchar(255) DEFAULT NULL,
  `accSource` varchar(100) DEFAULT NULL,
  `accountSourceCategory` varchar(255) DEFAULT NULL,
  `region` varchar(255) DEFAULT NULL,
  `province` varchar(255) DEFAULT NULL,
  `city` varchar(255) DEFAULT NULL,
  `barangay` varchar(255) DEFAULT NULL,
  `branch1` varchar(15) DEFAULT NULL,
  `region1` varchar(15) DEFAULT NULL,
  `address` varchar(100) NOT NULL,
  `contactPerson` varchar(100) NOT NULL,
  `designation` varchar(100) NOT NULL,
  `contactNumber` varchar(100) NOT NULL,
  `email` varchar(100) NOT NULL,
  `contactPerson1` varchar(255) DEFAULT NULL,
  `designation1` varchar(255) DEFAULT NULL,
  `contactNumber1` varchar(50) DEFAULT NULL,
  `email1` varchar(255) DEFAULT NULL,
  `decisionMaker` varchar(255) DEFAULT NULL,
  `dmDesignation` varchar(255) DEFAULT NULL,
  `decisionMakerEmail` varchar(255) DEFAULT NULL,
  `projTitle` varchar(255) DEFAULT NULL,
  `proposedPrice` varchar(100) NOT NULL,
  `paymentTerms` varchar(100) NOT NULL,
  `contactType` varchar(100) NOT NULL,
  `projAddress` varchar(255) DEFAULT NULL,
  `productType` varchar(255) DEFAULT NULL,
  `productTypeSubcategory` varchar(255) DEFAULT NULL,
  `deviceCondition` varchar(255) DEFAULT NULL,
  `progressDate` date DEFAULT NULL,
  `accStatus` varchar(50) DEFAULT NULL,
  `reasonSubcategory` varchar(100) DEFAULT NULL,
  `remarks` text DEFAULT NULL,
  `deliveryDate` date DEFAULT NULL,
  `endOfContract` date DEFAULT NULL,
  `quantity` int(11) DEFAULT NULL,
  `branch` varchar(100) NOT NULL,
  `segment` varchar(100) NOT NULL,
  `area` varchar(100) DEFAULT NULL,
  `dmNumber` varchar(100) DEFAULT NULL,
  `startContractDate` date NOT NULL,
  `endContractDate` date NOT NULL,
  `proposedSystem` varchar(100) NOT NULL,
  `callNature` varchar(100) NOT NULL,
  `actionFollow` varchar(1000) NOT NULL,
  `dept` varchar(100) NOT NULL,
  `reason` text DEFAULT NULL,
  `accexec_id` int(11) DEFAULT NULL,
  `created_at` timestamp NOT NULL DEFAULT current_timestamp(),
  `is_deleted` tinyint(1) NOT NULL DEFAULT 0,
  `whatTranspired` varchar(255) DEFAULT NULL,
  `estimatedDelivery` varchar(50) DEFAULT NULL
) ENGINE=InnoDB DEFAULT CHARSET=utf8mb4 COLLATE=utf8mb4_general_ci;

--
-- Dumping data for table `encoded`
--

INSERT INTO `encoded` (`id`, `sbu`, `accExec`, `callDate`, `accName`, `arsExpiryDate`, `accCat`, `existingSystem`, `endOfContractCompetitor`, `endUser`, `industry`, `industrySubcategory`, `accSource`, `accountSourceCategory`, `region`, `province`, `city`, `barangay`, `branch1`, `region1`, `address`, `contactPerson`, `designation`, `contactNumber`, `email`, `contactPerson1`, `designation1`, `contactNumber1`, `email1`, `decisionMaker`, `dmDesignation`, `decisionMakerEmail`, `projTitle`, `proposedPrice`, `paymentTerms`, `contactType`, `projAddress`, `productType`, `productTypeSubcategory`, `deviceCondition`, `progressDate`, `accStatus`, `reasonSubcategory`, `remarks`, `deliveryDate`, `endOfContract`, `quantity`, `branch`, `segment`, `area`, `dmNumber`, `startContractDate`, `endContractDate`, `proposedSystem`, `callNature`, `actionFollow`, `dept`, `reason`, `accexec_id`, `created_at`, `is_deleted`, `whatTranspired`, `estimatedDelivery`) VALUES
(35, 'Rental', 'Dories Azeez', '2026-06-01', 'BG Investment', '2026-06-01', 'EXISTING', 'N/A', '0000-00-00', 'Centralized', '313', 'N/A', '254', 'N/A', '', '', '', '', 'BAT', 'MM', 'client 123 street, testing home number', '', '', '', '', NULL, NULL, NULL, NULL, '', '', '', 'ABC Company Dealbreaking', '', '', '', 'Project 123 Street, Home Number', '', '', NULL, '2026-06-01', '221', '', '23erghjiu5e', '0000-00-00', '0000-00-00', 0, 'Main Office', '313', NULL, NULL, '0000-00-00', '0000-00-00', '', '', '', 'Furniture', NULL, 33, '2026-06-01 08:51:04', 1, NULL, 'November'),
(36, 'Rental', 'Nathaniel Talag', '2026-06-01', 'BG Investment', '2026-06-01', 'NEW', 'Konica Minolta', '2026-06-01', 'Centralized', '314', 'N/A', '344', 'N/A', '', '', '', '', 'DAV', 'MINDANAO', 'client 123 street, testing home number', 'CP Bago Na', 'CP Designation', 'CP Contact Deets', 'cp_email@gmail.com', NULL, NULL, NULL, NULL, 'DM Name', 'DM Designation', 'dm_email@gmail.com', 'ABC Company Dealbreaking', '12345', 'Cash', 'Rental', 'Project 123 Street, Home Number', '255', 'N/A', NULL, '2026-06-05', '230', '', 'won na dapat to', NULL, NULL, 3, 'Main Office', '314', NULL, NULL, '0000-00-00', '0000-00-00', '', '', '', 'MIS', NULL, 126, '2026-06-01 09:44:35', 0, NULL, 'June'),
(37, 'Rental', 'Neil Estrella', '2026-06-03', 'BG Investment', '2026-07-01', 'EXISTING', NULL, '0000-00-00', 'Centralized', '316', '161', '344', NULL, NULL, NULL, NULL, NULL, 'CDO', 'MINDANAO', 'client 123 street, testing home number', 'CP Full Name', 'SAD ', 'CP Contact Deets', 'cp_email@gmail.com', NULL, NULL, NULL, NULL, 'Dale Lovely', 'VP Sales', 'dl@ubix.com.ph', 'BG Investment', '1000000', 'Credit Card', 'Furniture', 'Project 123 Street, Home Number123', NULL, NULL, NULL, '2026-06-17', '230', NULL, 'okay na', '0000-00-00', '0000-00-00', NULL, 'Main Office', '316', NULL, NULL, '0000-00-00', '0000-00-00', '', 'N/A', '', 'OP Sales - MFP/RISO', NULL, 4, '2026-06-03 03:39:14', 0, NULL, 'October'),
(38, 'Rental', 'Joey Francisco', '2026-06-03', 'BG Investment', '2026-06-17', 'NEW', 'Toshiba', '2026-07-07', 'Centralized', '315', '159', '254', NULL, NULL, NULL, NULL, NULL, 'ZAM', 'MINDANAO', 'client 123 street, testing home number', 'CP Full Name', 'CP Designation', 'CP Contact Deets', 'cp_email@gmail.com', NULL, NULL, NULL, NULL, 'DM Name', 'DM Designation', 'dm_email@gmail.com', 'Won to ', '50000', 'Cash', 'Rental', 'Project 123 Street, Home Number', NULL, NULL, NULL, '2026-06-03', '348', '', 'dapat panalo to', NULL, NULL, NULL, 'Main Office', '315', NULL, NULL, '0000-00-00', '0000-00-00', '', 'N/A', '', 'CSD', NULL, 6, '2026-06-03 06:25:13', 0, NULL, 'January'),
(39, 'Rental', 'Michael Oriarte', '2026-06-03', 'BG Investment', '2026-06-25', 'NEW', 'Gestetner', '2026-06-04', 'Centralized', '304', '139', '344', NULL, NULL, NULL, NULL, NULL, 'TAC', 'VISAYAS', 'client 123 street, testing home number', 'CP Full Name', 'CP Designation', 'CP Contact Deets', 'cp_email@gmail.com', NULL, NULL, NULL, NULL, 'DM Name', 'DM Designation', 'dm_email@gmail.com', 'ABC Company Dealbreaking', '99999', 'Cash', 'Rental', 'Project 123 Street, Home Number', NULL, NULL, NULL, '2026-06-03', '349', '', 'won ulit to', NULL, NULL, NULL, 'Main Office', '304', NULL, NULL, '0000-00-00', '0000-00-00', '', 'N/A', '', 'MIS', NULL, 34, '2026-06-03 09:51:37', 0, NULL, 'November'),
(40, 'Rental', 'Allen Rose Cahilig', '2026-06-05', 'BG Investment', '2026-06-24', 'NEW', 'Gestetner', '2026-07-07', 'Centralized', '316', '161', '253', NULL, NULL, NULL, NULL, NULL, 'ZAM', 'MINDANAO', 'client 123 street, testing home number', 'CP Full Name', 'CP Designation', 'CP Contact Deets', 'cp_email@gmail.com', NULL, NULL, NULL, NULL, 'DM Name', 'DM Designation', 'dm_email@gmail.com', 'ABC Company Dealbreaking', '25000', 'Cash', 'Rental', 'Project 123 Street, Home Number', NULL, NULL, NULL, '2026-06-05', '345', NULL, 'asdfghjkl;', '0000-00-00', '0000-00-00', NULL, 'Main Office', '316', NULL, NULL, '0000-00-00', '0000-00-00', '', 'N/A', '', 'OP Consumables', NULL, 19, '2026-06-05 08:53:17', 0, NULL, 'December'),
(41, 'Rental', 'Nathaniel Talag', '2026-06-05', 'BG Investment', '2026-06-25', 'NEW', 'Develop', '2026-06-18', 'Centralized', '316', 'N/A', '344', 'N/A', '', '', '', '', 'DAV', 'MINDANAO', 'client 123 street, testing home number', 'CP Full Name', 'CP Designation', 'CP Contact Deets', 'cp_email@gmail.com', NULL, NULL, NULL, NULL, 'DM Name', 'DM Designation', 'dm_email@gmail.com', 'ABC Company Dealbreaking', '200', 'Credit Card', 'Rental', 'Project 123 Street, Home Number', '338', 'N/A', NULL, '2026-06-05', '345', 'N/A', 'QUalified sya ngayon', NULL, NULL, 12, 'Main Office', '316', NULL, NULL, '0000-00-00', '0000-00-00', '', '', '', 'MIS', NULL, 126, '2026-06-05 09:13:27', 0, NULL, 'December'),
(42, 'Rental', 'Bianca Inocencio', '2026-06-05', 'masurf inc.', '2026-06-05', 'NEW', 'Epson', '2026-06-30', 'Centralized', '321', '173', '75', '12', NULL, NULL, NULL, NULL, 'MM', 'LUZON', 'client 123 street, testing home number', 'colet alar', 'CP Designation', 'CP Contact Deets', 'cp_email@gmail.com', NULL, NULL, NULL, NULL, 'DM Name', 'DM Designation', 'dm_email@gmail.com', 'ABC Company Dealbreaking', '23000', 'Cash', 'Rental', 'Project 123 Street, Home Number', NULL, NULL, NULL, '2026-06-12', '346', '', 'Panalo na ngayon', NULL, NULL, NULL, 'Main Office', '321', NULL, NULL, '0000-00-00', '0000-00-00', '', 'N/A', '', 'CSD', NULL, 72, '2026-06-05 09:55:25', 0, NULL, 'October'),
(43, 'Furniture', 'Carlos Ramirez', '2026-06-08', 'masurf inc.', '2026-07-07', 'NEW', 'Muratec', '2026-07-08', 'Centralized', '313', '155', '254', NULL, NULL, NULL, NULL, NULL, 'GEN', 'MINDANAO', 'client 123 street, testing home number', 'CP Full Name', 'SAD ', 'CP Contact Deets', 'cp_email@gmail.com', NULL, NULL, NULL, NULL, 'DM Name', 'DM Designation', 'dm_email@gmail.com', 'ABC Company Dealbreaking', '68000', 'Credit Card', 'Rental', 'Project 123 Street, Home Number', NULL, NULL, NULL, '2026-07-09', '230', '', 'won na ', '2026-06-30', '2026-07-06', NULL, 'Main Office', '313', NULL, NULL, '0000-00-00', '0000-00-00', '', 'N/A', '', 'CSD', NULL, 31, '2026-06-08 09:14:58', 0, NULL, 'November');

--
-- Triggers `encoded`
--
DELIMITER $$
CREATE TRIGGER `before_insert_encoded` BEFORE INSERT ON `encoded` FOR EACH ROW BEGIN
    SET NEW.accexec_id = (SELECT id FROM users WHERE name = NEW.accexec LIMIT 1);
END
$$
DELIMITER ;

-- --------------------------------------------------------

--
-- Table structure for table `encoded_logs`
--

CREATE TABLE `encoded_logs` (
  `id` int(11) NOT NULL,
  `encodedID` int(11) NOT NULL,
  `progressDate` date DEFAULT NULL,
  `accountStatusID` int(11) DEFAULT NULL,
  `reasonSubcategoryID` int(11) DEFAULT NULL,
  `remarks` text DEFAULT NULL,
  `estimatedDelivery` varchar(100) DEFAULT NULL,
  `deliveryDate` date DEFAULT NULL,
  `contractEndDate` date DEFAULT NULL,
  `created_at` timestamp NOT NULL DEFAULT current_timestamp()
) ENGINE=InnoDB DEFAULT CHARSET=utf8mb4 COLLATE=utf8mb4_general_ci;

--
-- Dumping data for table `encoded_logs`
--

INSERT INTO `encoded_logs` (`id`, `encodedID`, `progressDate`, `accountStatusID`, `reasonSubcategoryID`, `remarks`, `estimatedDelivery`, `deliveryDate`, `contractEndDate`, `created_at`) VALUES
(15, 35, '2026-06-01', 221, NULL, '23erghjiu5e', 'November', NULL, NULL, '2026-06-01 08:51:04'),
(16, 35, '2026-06-01', 221, NULL, '23erghjiu5e', 'November', NULL, NULL, '2026-06-01 09:02:58'),
(17, 36, '2026-06-01', 222, NULL, 'Usap na kami ni client', 'June', NULL, NULL, '2026-06-01 09:44:35'),
(18, 36, '2026-06-01', 230, NULL, 'dumating na', 'June', '2026-06-02', '2027-02-23', '2026-06-01 09:45:33'),
(19, 36, '2026-06-03', 219, NULL, 'Usap na kami ni client', 'June', NULL, NULL, '2026-06-03 01:58:01'),
(20, 37, '2026-06-17', 345, NULL, 'okay na', 'October', NULL, NULL, '2026-06-03 03:39:14'),
(21, 38, '2026-06-03', 347, NULL, 'dapat panalo to', NULL, NULL, NULL, '2026-06-03 06:25:13'),
(22, 39, '2026-06-03', 347, NULL, 'won ulit to', 'November', NULL, NULL, '2026-06-03 09:51:37'),
(23, 36, '2026-06-05', 345, NULL, 'won na dapat to', 'June', NULL, NULL, '2026-06-04 07:14:15'),
(24, 40, '2026-06-05', 345, NULL, 'asdfghjkl;', 'December', NULL, NULL, '2026-06-05 08:53:17'),
(25, 41, '2026-06-05', 345, NULL, 'QUalified sya ngayon', 'December', NULL, NULL, '2026-06-05 09:13:27'),
(26, 41, '2026-06-05', 345, NULL, 'QUalified sya ngayon', 'December', NULL, NULL, '2026-06-05 09:14:35'),
(27, 39, '2026-06-03', 349, NULL, 'won ulit to', 'November', NULL, NULL, '2026-06-05 09:18:08'),
(28, 38, '2026-06-03', 348, NULL, 'dapat panalo to', 'January', NULL, NULL, '2026-06-05 09:43:42'),
(29, 42, '2026-06-05', 345, NULL, 'asdfghjkl;', 'October', NULL, NULL, '2026-06-05 09:55:25'),
(30, 42, '2026-06-05', 230, NULL, 'Panalo na ngayon', 'October', '2026-06-12', '2026-06-12', '2026-06-05 09:56:12'),
(31, 42, '2026-06-12', 346, NULL, 'Panalo na ngayon', 'October', NULL, NULL, '2026-06-05 09:59:07'),
(32, 43, '2026-07-09', 345, NULL, 'qualified', 'November', NULL, NULL, '2026-06-08 09:14:58'),
(33, 43, '2026-07-09', 346, NULL, 'nego dapat', 'November', NULL, NULL, '2026-06-08 09:15:17'),
(34, 43, '2026-07-09', 230, NULL, 'won na ', 'November', '2026-06-30', '2026-07-06', '2026-06-08 09:15:36');

-- --------------------------------------------------------

--
-- Table structure for table `event`
--

CREATE TABLE `event` (
  `id` int(200) NOT NULL,
  `employee_name` varchar(200) NOT NULL,
  `type` varchar(200) NOT NULL,
  `duration` varchar(200) NOT NULL,
  `date` date NOT NULL,
  `employee_id` int(11) DEFAULT NULL,
  `is_deleted` tinyint(1) NOT NULL DEFAULT 0
) ENGINE=InnoDB DEFAULT CHARSET=utf8mb4 COLLATE=utf8mb4_general_ci;

--
-- Dumping data for table `event`
--

INSERT INTO `event` (`id`, `employee_name`, `type`, `duration`, `date`, `employee_id`, `is_deleted`) VALUES
(1, 'Jerico Duguran', 'event', '8', '2024-04-17', NULL, 0),
(2, 'Jerico Duguran', 'event', '8', '2024-04-18', NULL, 0),
(3, 'Jerico Duguran', 'event', '8', '2024-04-18', NULL, 0),
(4, 'Jerico Duguran', 'event', '8', '2024-04-18', NULL, 0),
(5, 'Kurt Nicole Torres', 'training', '8', '2024-04-22', NULL, 0),
(6, 'Kurt Nicole Torres', 'training', '8', '2024-04-23', NULL, 0),
(7, 'Kurt Nicole Torres', 'training', '8', '2024-04-24', NULL, 0),
(8, 'Kurt Nicole Torres', 'training', '8', '2024-04-25', NULL, 0),
(9, 'Kurt Nicole Torres', 'training', '8', '2024-04-26', NULL, 0),
(10, 'Ryan Cresencio', 'event', '8', '2024-01-26', NULL, 0),
(11, 'Joy Tiempo', 'training', '4', '2024-01-16', 10, 0),
(12, 'Dennis Baltazar', 'training', '4', '2024-01-16', NULL, 0),
(13, 'Jerico Duguran', 'training', '4', '2024-01-16', NULL, 0),
(14, 'Jose Benemerito', 'training', '4', '2024-01-16', NULL, 0),
(15, 'Allen Rose Cahilig', 'training', '4', '2024-01-16', 19, 0),
(16, 'Amadella Joy Ureta', 'training', '4', '2024-01-16', NULL, 0),
(17, 'Maureen Fang', 'training', '4', '2024-01-16', NULL, 0),
(18, 'Meralynn Doria', 'training', '4', '2024-01-16', 20, 0),
(19, 'Maria Valerie Gomez', 'training', '4', '2024-01-16', 25, 0),
(20, 'Reymund Rodelas', 'training', '4', '2024-01-16', 26, 0),
(21, 'Hannah Patricia Resuello', 'training', '4', '2024-01-16', NULL, 0),
(22, 'Katrina Masangcay', 'training', '4', '2024-01-16', NULL, 0),
(23, 'Reynaldo Francisco', 'training', '4', '2024-01-16', 29, 0),
(24, 'Shiela Marie Calonia', 'training', '4', '2024-01-16', NULL, 0),
(25, 'Sophia Lei Ramos', 'training', '4', '2024-01-16', NULL, 0),
(26, 'Carlos Ramirez', 'training', '4', '2024-01-16', 31, 0),
(27, 'Kurt Nicole Torres', 'training', '8', '2024-04-29', NULL, 0),
(28, 'Kurt Nicole Torres', 'training', '8', '2024-04-30', NULL, 0),
(29, 'Queenjan Batralo', 'training', '8', '2024-05-02', NULL, 0),
(30, 'Queenjan Batralo', 'training', '8', '2024-05-03', NULL, 0),
(31, 'Jennebel Suello', 'training', '8', '2024-05-02', 48, 0),
(32, 'Jennebel Suello', 'training', '8', '2024-05-03', 48, 0),
(33, 'Joy Tiempo', 'event', '8', '2024-02-12', 10, 0),
(34, 'Dories Azeez', 'event', '8', '2024-02-12', 33, 0),
(35, 'Maria Valerie Gomez', 'event', '8', '2024-02-12', 25, 0),
(36, 'Hannah Patricia Resuello', 'event', '8', '2024-02-12', NULL, 0),
(37, 'Carlos Ramirez', 'event', '8', '2024-02-12', 31, 0),
(38, 'Jade Lorenz Cruz', 'event', '8', '2024-02-12', 9, 0),
(39, 'Carlos Ramirez', 'event', '8', '2024-02-16', 31, 0),
(40, 'Carlos Ramirez', 'event', '8', '2024-02-16', 31, 0),
(41, 'Sophia Lei Ramos', 'training', '4', '2024-01-04', NULL, 0),
(42, 'Sophia Lei Ramos', 'training', '4', '2024-01-05', NULL, 0),
(43, 'Sophia Lei Ramos', 'training', '4', '2024-01-08', NULL, 0),
(44, 'Sophia Lei Ramos', 'training', '4', '2024-01-09', NULL, 0),
(45, 'Sophia Lei Ramos', 'training', '4', '2024-01-10', NULL, 0),
(46, 'Jade Lorenz Cruz', 'training', '4', '2024-01-04', 9, 0),
(47, 'Jade Lorenz Cruz', 'training', '4', '2024-01-05', 9, 0),
(48, 'Jade Lorenz Cruz', 'training', '4', '2024-01-08', 9, 0),
(49, 'Jade Lorenz Cruz', 'training', '4', '2024-01-09', 9, 0),
(50, 'Jade Lorenz Cruz', 'training', '4', '2024-01-10', 9, 0),
(51, 'Mary Joy Valencia', 'training', '4', '2024-01-16', NULL, 0),
(52, 'Ritz Ann Hipolito', 'training', '4', '2024-01-16', NULL, 0),
(53, 'Jade Lorenz Cruz', 'training', '4', '2024-01-16', 9, 0),
(54, 'Joy Tiempo', 'event', '4', '2024-02-16', 10, 0),
(55, 'Dennis Baltazar', 'event', '4', '2024-02-16', NULL, 0),
(56, 'Jose Benemerito', 'event', '4', '2024-02-16', NULL, 0),
(57, 'Jerico Duguran', 'event', '4', '2024-02-16', NULL, 0),
(58, 'Jefferson Manabat', 'event', '4', '2024-02-16', 15, 0),
(59, 'Allen Rose Cahilig', 'event', '4', '2024-02-16', 19, 0),
(60, 'Amadella Joy Ureta', 'event', '4', '2024-02-16', NULL, 0),
(61, 'Maureen Fang', 'event', '4', '2024-02-16', NULL, 0),
(62, 'Meralynn Doria', 'event', '4', '2024-02-16', 20, 0),
(63, 'Dories Azeez', 'event', '4', '2024-02-16', 33, 0),
(64, 'Maria Valerie Gomez', 'event', '4', '2024-02-16', 25, 0),
(65, 'Reymund Rodelas', 'event', '4', '2024-02-16', 26, 0),
(66, 'Hannah Patricia Resuello', 'event', '4', '2024-02-16', NULL, 0),
(67, 'Benjur Castillo', 'event', '4', '2024-02-16', 39, 0),
(68, 'Katrina Masangcay', 'event', '4', '2024-02-16', NULL, 0),
(69, 'Reynaldo Francisco', 'event', '4', '2024-02-16', 29, 0),
(70, 'Sophia Lei Ramos', 'event', '4', '2024-02-16', NULL, 0),
(71, 'Mary Joy Valencia', 'event', '4', '2024-02-16', NULL, 0),
(72, 'Ritz Ann Hipolito', 'event', '4', '2024-02-16', NULL, 0),
(73, 'Ritz Ann Hipolito', 'event', '4', '2024-02-16', NULL, 0),
(74, 'Jade Lorenz Cruz', 'event', '4', '2024-02-16', 9, 0),
(75, 'Joy Tiempo', 'meeting', '4', '2024-05-02', 10, 0),
(76, 'Joy Tiempo', 'meeting', '4', '2024-05-09', 10, 0),
(77, 'Joy Tiempo', 'meeting', '4', '2024-05-16', 10, 0),
(78, 'Joy Tiempo', 'meeting', '4', '2024-05-16', 10, 0),
(79, 'Irix Sosa', 'training', '8', '2024-05-30', NULL, 0),
(80, 'Irix Sosa', 'training', '8', '2024-05-31', NULL, 0),
(81, 'Irix Sosa', 'training', '8', '2024-06-03', NULL, 0),
(82, 'Carlos Ramirez', 'meeting', '4', '2024-05-16', 31, 0),
(83, 'Dennis Baltazar', 'training', '4', '2024-06-14', NULL, 0),
(84, 'Joy Tiempo', 'training', '4', '2024-06-14', 10, 0),
(85, 'Jose Benemerito', 'training', '4', '2024-06-14', NULL, 0),
(86, 'Jerico Duguran', 'training', '4', '2024-06-14', NULL, 0),
(87, 'Allison Livara', 'training', '4', '2024-06-14', NULL, 0),
(88, 'Allen Rose Cahilig', 'training', '4', '2024-06-14', 19, 0),
(89, 'Maureen Fang', 'training', '4', '2024-06-14', NULL, 0),
(90, 'Meralynn Doria', 'training', '4', '2024-06-14', 20, 0),
(91, 'Kurt Nicole Torres', 'training', '4', '2024-06-14', NULL, 0),
(92, 'Irix Sosa', 'training', '4', '2024-06-14', NULL, 0),
(93, 'Reymund Rodelas', 'training', '4', '2024-06-14', 26, 0),
(94, 'Maria Valerie Gomez', 'training', '4', '2024-06-14', 25, 0),
(95, 'Hannah Patricia Resuello', 'training', '4', '2024-06-14', NULL, 0),
(96, 'Benjur Castillo', 'training', '4', '2024-06-14', 39, 0),
(97, 'Carlos Ramirez', 'training', '4', '2024-06-14', 31, 0),
(98, 'Jezza Bantillan', 'training', '4', '2024-06-14', 49, 0),
(99, 'Ritz Ann Hipolito', 'training', '4', '2024-06-14', NULL, 0),
(100, 'Jade Lorenz Cruz', 'training', '4', '2024-06-14', 9, 0),
(101, 'Mary Joy Valencia', 'training', '4', '2024-06-14', NULL, 0),
(102, 'Katrina Masangcay', 'training', '4', '2024-06-14', NULL, 0),
(103, 'Reynaldo Francisco', 'training', '4', '2024-06-14', 29, 0),
(104, 'Ken Angelo Azanza', 'training', '4', '2024-06-14', 41, 0),
(105, 'Irix Sosa', 'training', '8', '2024-06-05', NULL, 0),
(106, 'Irix Sosa', 'training', '8', '2024-06-04', NULL, 0),
(107, 'Irix Sosa', 'training', '8', '2024-06-20', NULL, 0),
(108, 'Irix Sosa', 'training', '8', '2024-06-21', NULL, 0),
(109, 'Irix Sosa', 'training', '8', '2024-06-21', NULL, 0),
(110, 'Irix Sosa', 'training', '8', '2024-06-24', NULL, 0),
(111, 'Irix Sosa', 'training', '8', '2024-06-25', NULL, 0),
(112, 'Irix Sosa', 'training', '8', '2024-06-26', NULL, 0),
(113, 'Irix Sosa', 'training', '8', '2024-06-27', NULL, 0),
(114, 'Irix Sosa', 'training', '8', '2024-06-28', NULL, 0),
(115, 'Joy Tiempo', 'event', '8', '2024-06-27', 10, 0),
(116, 'Dennis Baltazar', 'event', '8', '2024-06-27', NULL, 0),
(117, 'Joy Tiempo', 'event', '8', '2024-06-28', 10, 0),
(118, 'Dennis Baltazar', 'event', '8', '2024-06-28', NULL, 0),
(119, 'Irix Sosa', 'training', '8', '2024-07-01', NULL, 0),
(120, 'Irix Sosa', 'training', '8', '2024-07-02', NULL, 0),
(121, 'Irix Sosa', 'training', '8', '2024-07-03', NULL, 0),
(122, 'Irix Sosa', 'training', '8', '2024-07-04', NULL, 0),
(123, 'Irix Sosa', 'training', '8', '2024-07-05', NULL, 0),
(124, 'Dennis Baltazar', 'event', '8', '2024-06-27', NULL, 0),
(125, 'Dennis Baltazar', 'event', '8', '2024-06-28', NULL, 0),
(126, 'Julie-an Camazo', 'meeting', '8', '2024-09-06', 21, 0),
(127, 'Dennis Baltazar', 'training', '8', '2024-10-08', NULL, 0),
(128, 'Ferdinand Dee', 'training', '8', '2024-10-08', 60, 0),
(129, 'Joy Tiempo', 'training', '8', '2024-10-08', 10, 0),
(130, 'Dories Azeez', 'meeting', '8', '2024-10-14', 33, 0),
(131, 'Dories Azeez', 'meeting', '8', '2024-10-15', 33, 0),
(132, 'Maria Valerie Gomez', 'event', '8', '2024-10-11', 25, 0),
(133, 'Maria Valerie Gomez', 'event', '8', '2024-10-12', 25, 0),
(134, 'Maria Valerie Gomez', 'event', '8', '2024-10-17', 25, 0),
(135, 'Maria Valerie Gomez', 'event', '8', '2024-10-18', 25, 0),
(136, 'Ferdinand Dee', 'event', '8', '2024-10-29', 60, 0),
(137, 'Genfrix Lorenz Genido', 'event', '8', '2024-10-29', NULL, 0),
(138, 'Jezza Bantillan', 'event', '8', '2024-10-29', 49, 0),
(139, 'Jade Lorenz Cruz', 'event', '8', '2024-10-29', 9, 0),
(140, 'Carlos Ramirez', 'event', '8', '2024-10-30', 31, 0),
(141, 'Reymund Rodelas', 'event', '8', '2024-10-30', 26, 0),
(142, 'Dennis Baltazar', 'event', '8', '2024-10-30', NULL, 0),
(143, 'Genfrix Lorenz Genido', 'meeting', '8', '2024-11-06', NULL, 0),
(144, 'Reynaldo Francisco', 'meeting', '8', '2024-11-12', 29, 0),
(145, 'Benjur Castillo', 'meeting', '4', '2024-12-09', 39, 0),
(146, 'Benjur Castillo', 'meeting', '4', '2024-12-10', 39, 0),
(147, 'Benjur Castillo', 'meeting', '8', '2025-01-07', 39, 0),
(148, 'Reynaldo Francisco', 'meeting', '8', '2025-01-03', 29, 0),
(149, 'Benjur Castillo', 'meeting', '8', '2025-01-09', 39, 0),
(150, 'Julie-an Camazo', 'meeting', '8', '2025-01-21', 21, 0),
(151, 'Dennis Baltazar', 'training', '4', '2025-02-11', NULL, 0),
(152, 'Ferdinand Dee', 'training', '4', '2025-02-11', 60, 0),
(153, 'Ferdinand Dee', 'event', '8', '2025-02-12', 60, 0),
(154, 'Dennis Baltazar', 'event', '8', '2025-02-12', NULL, 0),
(155, 'Joy Tiempo', 'event', '8', '2025-02-12', 10, 0),
(156, 'Benjur Castillo', 'meeting', '4', '2025-02-12', 39, 0),
(157, 'Benjur Castillo', 'event', '8', '2025-02-14', 39, 0),
(158, 'Benjur Castillo', 'meeting', '4', '2025-02-17', 39, 0),
(159, 'Benjur Castillo', 'meeting', '4', '2025-02-18', 39, 0),
(160, 'Benjur Castillo', 'meeting', '4', '2025-02-19', 39, 0),
(161, 'Joy Tiempo', 'event', '8', '2025-02-13', 10, 0),
(162, 'Joy Tiempo', 'event', '8', '2025-02-14', 10, 0),
(163, 'Dennis Baltazar', 'event', '8', '2025-02-13', NULL, 0),
(164, 'Dennis Baltazar', 'event', '8', '2025-02-14', NULL, 0),
(165, 'Ferdinand Dee', 'event', '8', '2025-02-13', 60, 0),
(166, 'Ferdinand Dee', 'event', '8', '2025-02-14', 60, 0),
(167, 'Benjur Castillo', 'meeting', '4', '2025-02-24', 39, 0),
(168, 'Benjur Castillo', 'meeting', '4', '2025-02-20', 39, 0),
(169, 'Benjur Castillo', 'meeting', '4', '2025-03-03', 39, 0),
(170, 'Benjur Castillo', 'meeting', '4', '2025-03-05', 39, 0),
(171, 'Ken Angelo Azanza', 'meeting', '4', '2025-02-28', 41, 0),
(172, 'Benjur Castillo', 'meeting', '4', '2025-03-06', 39, 0),
(173, 'Benjur Castillo', 'meeting', '4', '2025-03-12', 39, 0),
(174, 'Benjur Castillo', 'meeting', '4', '2025-03-13', 39, 0),
(175, 'Benjur Castillo', 'meeting', '4', '2025-03-17', 39, 0),
(176, 'Benjur Castillo', 'meeting', '4', '2025-03-19', 39, 0),
(177, 'Benjur Castillo', 'meeting', '4', '2025-03-20', 39, 0),
(178, 'Benjur Castillo', 'meeting', '4', '2025-03-24', 39, 0),
(179, 'Benjur Castillo', 'meeting', '4', '2025-03-26', 39, 0),
(180, 'Benjur Castillo', 'meeting', '4', '2025-03-31', 39, 0),
(181, 'Emanuel Saez', 'training', '8', '2025-05-05', 76, 0),
(182, 'Michaela Cedilla', 'training', '8', '2025-05-05', 63, 0),
(183, 'Hannah Mae Pangan', 'training', '8', '2025-05-05', 64, 0),
(184, 'Carlos Ramirez', 'training', '8', '2025-05-05', 31, 0),
(185, 'Reymund Rodelas', 'training', '8', '2025-05-05', 26, 0),
(186, 'Reynaldo Francisco', 'training', '8', '2025-05-05', 29, 0),
(187, 'Allaine Bless Espinosa', 'training', '8', '2025-05-05', 58, 0),
(188, 'Bianca Inocencio', 'training', '8', '2025-05-05', 72, 0),
(189, 'Bien Valdez', 'training', '8', '2025-05-05', 92, 0),
(190, 'Ralph Ronnie Ian Dela Cruz', 'training', '8', '2025-05-05', 89, 0),
(191, 'Jomar Soriano', 'training', '8', '2025-05-05', 91, 0),
(192, 'Meralynn Doria', 'training', '8', '2025-05-05', 20, 0),
(193, 'Mark Lourenz Brutas', 'training', '8', '2025-05-05', 77, 0),
(194, 'Mary Rose Andal', 'training', '8', '2025-05-05', 80, 0),
(195, 'Ferdinand Dee', 'training', '8', '2025-05-05', 60, 0),
(196, 'Monico Alexander Flores', 'event', '8', '2025-05-13', 87, 0),
(197, 'Monico Alexander Flores', 'event', '8', '2025-05-14', 87, 0),
(198, 'Monico Alexander Flores', 'event', '8', '2025-05-15', 87, 0),
(199, 'Monico Alexander Flores', 'event', '8', '2025-05-16', 87, 0),
(200, 'Allaine Bless Espinosa', 'meeting', '4', '2025-05-28', 58, 0),
(201, 'Reynaldo Francisco', 'meeting', '4', '2025-05-28', 29, 0),
(202, 'Emanuel Saez', 'meeting', '4', '2025-05-29', 76, 0),
(203, 'Bianca Inocencio', 'meeting', '4', '2025-05-29', 72, 0),
(204, 'Emanuel Saez', 'meeting', '8', '2025-05-28', 76, 0),
(205, 'Emanuel Saez', 'meeting', '8', '2025-05-29', 76, 0),
(206, 'Ronald Talampas', 'meeting', '8', '2025-05-29', 90, 0),
(207, 'Ronald Talampas', 'meeting', '6', '2025-05-29', 90, 0),
(208, 'Bianca Inocencio', 'meeting', '8', '2025-05-29', 72, 0),
(209, 'Joy Tiempo', 'meeting', '8', '2025-05-29', 10, 0),
(210, 'Bien Valdez', 'meeting', '8', '2025-05-30', 92, 0),
(211, 'Mary Rose Andal', 'meeting', '4', '2025-05-30', 80, 0),
(212, 'Jomar Soriano', 'meeting', '4', '2025-05-30', 91, 0),
(213, 'Michaela Cedilla', 'meeting', '4', '2025-05-30', 63, 0),
(214, 'Reymund Rodelas', 'meeting', '4', '2025-05-30', 26, 0),
(215, 'Hannah Mae Pangan', 'meeting', '4', '2025-05-30', 64, 0),
(216, 'Allaine Bless Espinosa', 'meeting', '4', '2025-05-30', 58, 0),
(217, 'Jade Lorenz Cruz', 'meeting', '4', '2025-05-30', 9, 0),
(218, 'Joy Tiempo', 'meeting', '5', '2025-05-30', 10, 0),
(219, 'Michaela Cedilla', 'meeting', '4', '2025-06-02', 63, 0),
(220, 'Hannah Mae Pangan', 'meeting', '4', '2025-06-02', 64, 0),
(221, 'Jade Lorenz Cruz', 'meeting', '3', '2025-06-02', 9, 0),
(222, 'Ralph Ronnie Ian Dela Cruz', 'meeting', '4', '2025-06-03', 89, 0),
(223, 'Allaine Bless Espinosa', 'meeting', '4', '2025-06-03', 58, 0),
(224, 'Monico Alexander Flores', 'meeting', '4', '2025-06-04', 87, 0),
(225, 'John Rafael Mahinay', 'meeting', '8', '2025-06-05', 81, 0),
(226, 'Maria Valerie Gomez', 'meeting', '8', '2025-06-09', 25, 0),
(227, 'Joy Tiempo', 'meeting', '8', '2025-06-11', 10, 0),
(228, 'Emanuel Saez', 'meeting', '4', '2025-06-30', 76, 0),
(229, 'Bien Valdez', 'meeting', '8', '2025-07-02', 92, 0),
(230, 'Jennebel Suello', 'meeting', '4', '2025-07-09', 48, 0),
(231, 'Allen Rose Cahilig', 'meeting', '8', '2025-07-09', 19, 0),
(232, 'Mary Rose Andal', 'meeting', '8', '2025-07-21', 80, 0),
(233, 'Bien Valdez', 'meeting', '8', '2025-07-23', 92, 0),
(234, 'Nicko Acita', 'event', '8', '2025-07-24', 97, 0),
(235, 'Nicko Acita', 'event', '8', '2025-07-25', 97, 0),
(236, 'Joy Tiempo', 'event', '8', '2025-07-24', 10, 0),
(237, 'Joy Tiempo', 'event', '8', '2025-07-25', 10, 0),
(238, 'Maria Valerie Gomez', 'event', '8', '2025-07-24', 25, 0),
(239, 'Maria Valerie Gomez', 'event', '8', '2025-07-25', 25, 0),
(240, 'Reymund Rodelas', 'event', '8', '2025-07-24', 26, 0),
(241, 'Reynaldo Francisco', 'event', '8', '2025-07-25', 29, 0),
(242, 'Carlos Ramirez', 'event', '8', '2025-07-24', 31, 0),
(243, 'Carlos Ramirez', 'event', '8', '2025-07-25', 31, 0),
(244, 'Allaine Bless Espinosa', 'event', '8', '2025-07-25', 58, 0),
(245, 'Emanuel Saez', 'event', '8', '2025-07-24', 76, 0),
(246, 'Emanuel Saez', 'event', '8', '2025-07-25', 76, 0),
(247, 'Bien Valdez', 'meeting', '8', '2025-08-01', 92, 0),
(248, 'Bien Valdez', 'meeting', '4', '2025-08-04', 92, 0),
(249, 'Reymund Rodelas', 'meeting', '4', '2025-08-06', 26, 0),
(250, 'Bien Valdez', 'meeting', '8', '2025-08-11', 92, 0),
(251, 'Meralynn Doria', 'meeting', '4', '2025-08-18', 20, 0),
(252, 'Mary Rose Andal', 'meeting', '8', '2025-08-22', 80, 0),
(253, 'Edelyn Tolibas', 'meeting', '8', '2025-09-01', 78, 0),
(254, 'Emanuel Saez', 'meeting', '8', '2025-08-29', 76, 0),
(255, 'Julie-an Camazo', 'meeting', '8', '2025-08-20', 21, 0),
(256, 'Bien Valdez', 'meeting', '8', '2025-09-02', 92, 0),
(257, 'John Rafael Mahinay', 'meeting', '8', '2025-09-25', 81, 0),
(258, 'Hannah Mae Pangan', 'meeting', '4', '2025-09-19', 64, 0),
(259, 'Hannah Mae Pangan', 'meeting', '4', '2025-09-25', 64, 0),
(260, 'Rochelle Pornobi', 'meeting', '4', '2025-09-19', 99, 0),
(261, 'Rochelle Pornobi', 'meeting', '4', '2025-09-25', 99, 0),
(262, 'Daniel De Leon', 'meeting', '4', '2025-09-19', 100, 0),
(263, 'Daniel De Leon', 'meeting', '4', '2025-09-25', 100, 0),
(264, 'Allaine Bless Espinosa', 'meeting', '4', '2025-09-24', 58, 0),
(265, 'Allaine Bless Espinosa', 'event', '4', '2025-09-19', 58, 0),
(266, 'Bianca Inocencio', 'event', '4', '2025-09-19', 72, 0),
(267, 'Bianca Inocencio', 'meeting', '4', '2025-09-25', 72, 0),
(268, 'Bien Valdez', 'meeting', '4', '2025-09-19', 92, 0),
(269, 'Bien Valdez', 'meeting', '4', '2025-09-25', 92, 0),
(270, 'Bien Valdez', 'meeting', '4', '2025-09-24', 92, 0),
(271, 'Jomar Soriano', 'meeting', '4', '2025-09-19', 91, 0),
(272, 'Siricia-Mae Torres', 'meeting', '4', '2025-09-19', 95, 0),
(273, 'Nicko Acita', 'meeting', '4', '2025-09-19', 97, 0),
(274, 'Angelica Lejano', 'meeting', '4', '2025-09-19', 101, 0),
(275, 'Angelica Lejano', 'meeting', '4', '2025-09-24', 101, 0),
(276, 'Emanuel Saez', 'event', '6', '2025-09-18', 76, 0),
(277, 'Emanuel Saez', 'event', '6', '2025-09-19', 76, 0),
(278, 'Mark Lourenz Brutas', 'event', '6', '2025-09-18', 77, 0),
(279, 'Mark Lourenz Brutas', 'event', '6', '2025-09-19', 77, 0),
(280, 'Mary Rose Andal', 'event', '6', '2025-09-18', 80, 0),
(281, 'Mary Rose Andal', 'event', '6', '2025-09-19', 80, 0),
(282, 'Maria Valerie Gomez', 'event', '6', '2025-09-18', 25, 0),
(283, 'Maria Valerie Gomez', 'event', '6', '2025-09-19', 25, 0),
(284, 'Joy Tiempo', 'event', '8', '2025-09-18', 10, 0),
(285, 'Joy Tiempo', 'event', '8', '2025-09-19', 10, 0),
(286, 'Edelyn Tolibas', 'meeting', '8', '2025-09-16', 78, 0),
(287, 'Edelyn Tolibas', 'meeting', '4', '2025-10-13', 78, 0),
(288, 'Edelyn Tolibas', 'meeting', '4', '2025-10-07', 78, 0),
(289, 'Edelyn Tolibas', 'meeting', '4', '2025-10-13', 78, 0),
(290, 'Bien Valdez', 'meeting', '8', '2025-11-07', 92, 0),
(291, 'Bien Valdez', 'meeting', '8', '2025-11-12', 92, 0),
(292, 'Mary Rose Andal', 'event', '8', '2025-11-21', 80, 0),
(293, 'Emanuel Saez', 'event', '8', '2025-11-21', 76, 0),
(294, 'Emanuel Saez', 'meeting', '8', '2025-11-24', 76, 0),
(295, 'Bien Valdez', 'meeting', '8', '2025-12-24', 92, 0),
(296, 'Bien Valdez', 'meeting', '8', '2025-11-24', 92, 0),
(297, 'Bien Valdez', 'meeting', '8', '2025-11-25', 92, 0),
(298, 'Edelyn Tolibas', 'meeting', '8', '2025-12-18', 78, 0),
(299, 'Joy Tiempo', 'meeting', '4', '2026-01-06', 10, 0),
(300, 'Allen Rose Cahilig', 'meeting', '4', '2026-01-06', 19, 0),
(301, 'Maria Valerie Gomez', 'meeting', '4', '2026-01-06', 25, 0),
(302, 'Reymund Rodelas', 'meeting', '4', '2026-01-06', 26, 0),
(303, 'Reynaldo Francisco', 'meeting', '4', '2026-01-06', 29, 0),
(304, 'Carlos Ramirez', 'meeting', '4', '2026-01-06', 31, 0),
(305, 'Allaine Bless Espinosa', 'meeting', '4', '2026-01-06', 58, 0),
(306, 'Hannah Mae Pangan', 'meeting', '4', '2026-01-06', 64, 0),
(307, 'Bianca Inocencio', 'meeting', '4', '2026-01-06', 72, 0),
(308, 'Emanuel Saez', 'meeting', '4', '2026-01-06', 76, 0),
(309, 'Mark Lourenz Brutas', 'meeting', '4', '2026-01-06', 77, 0),
(310, 'Mary Rose Andal', 'meeting', '4', '2026-01-06', 80, 0),
(311, 'Jomar Soriano', 'meeting', '4', '2026-01-06', 91, 0),
(312, 'Bien Valdez', 'meeting', '4', '2026-01-06', 92, 0),
(313, 'Siricia-Mae Torres', 'meeting', '4', '2026-01-06', 95, 0),
(314, 'Rochelle Pornobi', 'meeting', '4', '2026-01-06', 99, 0),
(315, 'Angelica Lejano', 'meeting', '4', '2026-01-06', 101, 0),
(316, 'Jose Eduardo Bauyon', 'meeting', '4', '2026-01-06', 105, 0),
(317, 'Emanuel Saez', 'training', '4', '2026-01-05', 76, 0),
(318, 'Edelyn Tolibas', 'meeting', '8', '2026-01-05', 78, 0),
(319, 'Emanuel Saez', 'meeting', '8', '2026-01-08', 76, 0),
(320, 'Emanuel Saez', 'meeting', '4', '2026-01-09', 76, 0),
(321, 'Joy Tiempo', 'training', '4', '2026-01-12', 10, 0),
(322, 'Allen Rose Cahilig', 'training', '4', '2026-01-12', 19, 0),
(323, 'Maria Valerie Gomez', 'training', '4', '2026-01-12', 25, 0),
(324, 'Reymund Rodelas', 'training', '4', '2026-01-12', 26, 0),
(325, 'Reynaldo Francisco', 'training', '4', '2026-01-12', 29, 0),
(326, 'Carlos Ramirez', 'training', '4', '2026-01-12', 31, 0),
(327, 'Allaine Bless Espinosa', 'training', '4', '2026-01-12', 58, 0),
(328, 'Hannah Mae Pangan', 'training', '4', '2026-01-12', 64, 0),
(329, 'Bianca Inocencio', 'training', '4', '2026-01-12', 72, 0),
(330, 'Emanuel Saez', 'training', '4', '2026-01-12', 76, 0),
(331, 'Mark Lourenz Brutas', 'training', '4', '2026-01-12', 77, 0),
(332, 'Mary Rose Andal', 'training', '4', '2026-01-12', 80, 0),
(333, 'Jane Mendoza', 'training', '4', '2026-01-12', 84, 0),
(334, 'Jomar Soriano', 'training', '4', '2026-01-12', 91, 0),
(335, 'Bien Valdez', 'training', '4', '2026-01-12', 92, 0),
(336, 'Rochelle Pornobi', 'training', '4', '2026-01-12', 99, 0),
(337, 'Emanuel Saez', 'meeting', '8', '2026-01-13', 76, 0),
(338, 'Allaine Bless Espinosa', 'meeting', '4', '2026-01-09', 58, 0),
(339, 'Allaine Bless Espinosa', 'meeting', '4', '2026-01-13', 58, 0),
(340, 'Allaine Bless Espinosa', 'meeting', '4', '2026-01-14', 58, 0),
(341, 'Allaine Bless Espinosa', 'meeting', '4', '2026-01-08', 58, 0),
(342, 'Allaine Bless Espinosa', 'meeting', '8', '2026-01-09', 58, 0),
(343, 'Edelyn Tolibas', 'meeting', '5', '2026-01-20', 78, 0),
(344, 'Emanuel Saez', 'meeting', '8', '2026-01-20', 76, 0),
(345, 'Allaine Bless Espinosa', 'meeting', '8', '2026-01-19', 58, 0),
(346, 'Allaine Bless Espinosa', 'meeting', '4', '2026-01-15', 58, 0),
(347, 'Emanuel Saez', 'meeting', '4', '2026-01-21', 76, 0),
(348, 'Emanuel Saez', 'event', '4', '2026-01-23', 76, 0),
(349, 'Emanuel Saez', 'meeting', '4', '2026-01-26', 76, 0),
(350, 'Emanuel Saez', 'meeting', '4', '2026-01-27', 76, 0),
(351, 'Emanuel Saez', 'meeting', '4', '2026-01-28', 76, 0),
(352, 'Allaine Bless Espinosa', 'meeting', '8', '2026-01-28', 58, 0),
(353, 'Allaine Bless Espinosa', 'meeting', '8', '2026-01-23', 58, 0),
(354, 'Bien Valdez', 'meeting', '8', '2026-01-30', 92, 0),
(355, 'Edelyn Tolibas', 'meeting', '8', '2026-01-30', 78, 0),
(356, 'Joy Tiempo', 'training', '4', '2026-02-02', 10, 0),
(357, 'Allen Rose Cahilig', 'training', '4', '2026-02-02', 19, 0),
(358, 'Maria Valerie Gomez', 'training', '4', '2026-02-02', 25, 0),
(359, 'Reymund Rodelas', 'training', '4', '2026-02-02', 26, 0),
(360, 'Reynaldo Francisco', 'training', '4', '2026-02-02', 29, 0),
(361, 'Carlos Ramirez', 'training', '4', '2026-02-02', 31, 0),
(362, 'Allaine Bless Espinosa', 'training', '4', '2026-02-02', 58, 0),
(363, 'Bien Valdez', 'meeting', '4', '2026-02-03', 92, 0),
(364, 'Emanuel Saez', 'event', '8', '2026-02-04', 76, 0),
(365, 'Maria Valerie Gomez', 'event', '8', '2026-02-04', 25, 0),
(366, 'Jefferson Manabat', 'event', '8', '2026-02-04', 15, 0),
(367, 'Joy Tiempo', 'event', '8', '2026-02-04', 10, 0),
(368, 'Mary Rose Andal', 'event', '8', '2026-02-04', 80, 0),
(369, 'Edwin Lachica', 'event', '8', '2026-02-04', 106, 0),
(370, 'Bianca Inocencio', 'training', '4', '2026-02-02', 72, 0),
(371, 'Emanuel Saez', 'training', '4', '2026-02-02', 76, 0),
(372, 'Mark Lourenz Brutas', 'training', '4', '2026-02-02', 77, 0),
(373, 'Mary Rose Andal', 'training', '4', '2026-02-02', 80, 0),
(374, 'Jomar Soriano', 'training', '4', '2026-02-02', 91, 0),
(375, 'Bien Valdez', 'training', '4', '2026-02-02', 92, 0),
(376, 'Rochelle Pornobi', 'training', '4', '2026-02-02', 99, 0),
(377, 'Danica Mae Zarsata', 'training', '8', '2026-02-02', 113, 0),
(378, 'Joy Tiempo', 'event', '8', '2026-02-04', 10, 0),
(379, 'Joy Tiempo', 'event', '8', '2026-02-05', 10, 0),
(380, 'Joy Tiempo', 'event', '8', '2026-02-06', 10, 0),
(381, 'Jefferson Manabat', 'event', '8', '2026-02-04', 15, 0),
(382, 'Jefferson Manabat', 'event', '8', '2026-02-05', 15, 0),
(383, 'Jefferson Manabat', 'event', '8', '2026-02-06', 15, 0),
(384, 'Maria Valerie Gomez', 'event', '8', '2026-02-04', 25, 0),
(385, 'Maria Valerie Gomez', 'event', '8', '2026-02-05', 25, 0),
(386, 'Maria Valerie Gomez', 'event', '8', '2026-02-06', 25, 0),
(387, 'Emanuel Saez', 'event', '8', '2026-02-04', 76, 0),
(388, 'Emanuel Saez', 'event', '8', '2026-02-05', 76, 0),
(389, 'Emanuel Saez', 'event', '8', '2026-02-06', 76, 0),
(390, 'Mary Rose Andal', 'event', '8', '2026-02-04', 80, 0),
(391, 'Mary Rose Andal', 'event', '8', '2026-02-05', 80, 0),
(392, 'Mary Rose Andal', 'event', '8', '2026-02-06', 80, 0),
(393, 'Edwin Lachica', 'event', '8', '2026-02-04', 106, 0),
(394, 'Edwin Lachica', 'event', '8', '2026-02-05', 106, 0),
(395, 'Edwin Lachica', 'event', '8', '2026-02-06', 106, 0),
(396, 'Danica Mae Zarsata', 'event', '8', '2026-02-04', 113, 0),
(397, 'Danica Mae Zarsata', 'event', '8', '2026-02-05', 113, 0),
(398, 'Danica Mae Zarsata', 'event', '8', '2026-02-06', 113, 0),
(399, 'Edelyn Tolibas', 'meeting', '8', '2026-02-16', 78, 0),
(400, 'Emanuel Saez', 'meeting', '8', '2026-02-12', 76, 0),
(401, 'Emanuel Saez', 'meeting', '8', '2026-02-18', 76, 0),
(402, 'Mary Rose Andal', 'meeting', '8', '2026-02-16', 80, 0),
(403, 'JR Mahinan', 'meeting', '8', '2026-02-13', 112, 0),
(404, 'Edelyn Tolibas', 'meeting', '8', '2026-02-20', 78, 0),
(405, 'Allen Rose Cahilig', 'meeting', '8', '2026-02-27', 19, 0),
(406, 'Bien Valdez', 'meeting', '8', '2026-02-25', 92, 0),
(407, 'Bien Valdez', 'meeting', '8', '2026-02-26', 92, 0),
(408, 'Bien Valdez', 'meeting', '8', '2026-02-27', 92, 0),
(409, 'Emanuel Saez', 'event', '8', '2026-02-26', 76, 0),
(410, 'Emanuel Saez', 'meeting', '4', '2026-02-27', 76, 0),
(411, 'Maria Valerie Gomez', 'event', '8', '2026-02-26', 25, 0),
(412, 'Edwin Lachica', 'event', '8', '2026-02-26', 106, 0),
(413, 'Edelyn Tolibas', 'meeting', '8', '2026-03-09', 78, 0),
(414, 'Bien Valdez', 'meeting', '4', '2026-03-05', 92, 0),
(415, 'Bien Valdez', 'meeting', '8', '2026-03-06', 92, 0),
(416, 'Emanuel Saez', 'meeting', '4', '2026-03-06', 76, 0),
(417, 'Emanuel Saez', 'meeting', '4', '2026-03-09', 76, 0),
(418, 'Mary Rose Andal', 'meeting', '4', '2026-03-06', 80, 0),
(419, 'Meralynn Doria', 'meeting', '4', '2026-03-11', 20, 0),
(420, 'Bien Valdez', 'meeting', '8', '2026-03-12', 92, 0),
(421, 'Edwin Lachica', 'meeting', '4', '2026-03-10', 106, 0),
(422, 'Emanuel Saez', 'event', '8', '2026-03-12', 76, 0),
(423, 'Emanuel Saez', 'event', '8', '2026-03-13', 76, 0),
(424, 'Mary Rose Andal', 'event', '8', '2026-03-12', 80, 0),
(425, 'Edwin Lachica', 'meeting', '4', '2026-03-16', 106, 0),
(426, 'Emanuel Saez', 'meeting', '8', '2026-03-16', 76, 0),
(427, 'Emanuel Saez', 'meeting', '8', '2026-03-23', 76, 0),
(428, 'Emanuel Saez', 'event', '8', '2026-03-24', 76, 0),
(429, 'Kenneth Esguerra', 'meeting', '4', '2026-03-24', 125, 0),
(430, 'Mary Rose Andal', 'meeting', '8', '2026-03-26', 80, 0),
(431, 'Edelyn Tolibas', 'meeting', '8', '2026-04-08', 78, 0),
(432, 'Edelyn Tolibas', 'meeting', '8', '2026-04-21', 78, 0),
(433, 'Emanuel Saez', 'meeting', '4', '2026-04-16', 76, 0),
(434, 'Emanuel Saez', 'event', '8', '2026-04-17', 76, 0),
(435, 'Emanuel Saez', 'meeting', '8', '2026-04-20', 76, 0),
(436, 'Emanuel Saez', 'meeting', '4', '2026-04-22', 76, 0),
(437, 'Kenneth Esguerra', 'meeting', '8', '2026-04-22', 125, 0),
(438, 'Kenneth Esguerra', 'meeting', '8', '2026-04-22', 125, 0),
(439, 'Edelyn Tolibas', 'meeting', '4', '2026-04-27', 78, 0),
(440, 'Bien Valdez', 'meeting', '4', '2026-05-06', 92, 0),
(441, 'Emanuel Saez', 'meeting', '8', '2026-05-05', 76, 0),
(442, 'Kenneth Esguerra', 'meeting', '8', '2026-05-05', 125, 0);

--
-- Triggers `event`
--
DELIMITER $$
CREATE TRIGGER `before_insert_event` BEFORE INSERT ON `event` FOR EACH ROW BEGIN
    SET NEW.employee_id = (SELECT id FROM users WHERE name = NEW.employee_name LIMIT 1);
END
$$
DELIMITER ;

-- --------------------------------------------------------

--
-- Table structure for table `holidays`
--

CREATE TABLE `holidays` (
  `id` int(200) NOT NULL,
  `date` date NOT NULL,
  `branch` varchar(200) NOT NULL,
  `is_deleted` tinyint(1) NOT NULL DEFAULT 0
) ENGINE=InnoDB DEFAULT CHARSET=utf8mb4 COLLATE=utf8mb4_general_ci;

--
-- Dumping data for table `holidays`
--

INSERT INTO `holidays` (`id`, `date`, `branch`, `is_deleted`) VALUES
(1, '2024-04-09', 'All', 0),
(2, '2024-04-10', 'All', 0),
(7, '2024-05-01', 'All', 0),
(8, '2024-05-07', 'Angeles', 0),
(9, '2024-01-01', 'All', 0),
(10, '2024-01-01', 'All', 0),
(11, '2024-02-09', 'All', 0),
(12, '2024-03-20', 'La Union', 0),
(13, '2024-03-28', 'All', 0),
(14, '2024-03-29', 'All', 0),
(15, '2024-06-12', 'All', 0),
(16, '2024-06-17', 'All', 0),
(17, '2024-07-22', 'Gensan', 0),
(18, '2024-08-23', 'All', 0),
(19, '2024-08-26', 'All', 0),
(20, '2024-09-05', 'Gensan', 0),
(21, '2024-11-01', 'All', 0),
(22, '2024-12-24', 'All', 0),
(23, '2024-12-25', 'All', 0),
(24, '2025-01-29', 'All', 0),
(25, '2025-04-01', 'All', 0),
(26, '2025-04-09', 'All', 0),
(27, '2025-04-17', 'All', 0),
(28, '2025-04-18', 'All', 0),
(29, '2025-05-01', 'All', 0),
(30, '2025-06-06', 'All', 0),
(31, '2025-06-12', 'All', 0),
(32, '2025-06-18', 'Naga', 0),
(33, '2025-06-17', 'Cebu', 0),
(34, '2025-06-16', 'Cagayan De Oro', 0),
(35, '2025-06-30', 'Tacloban', 0),
(36, '2025-08-21', 'All', 0),
(37, '2025-08-25', 'All', 0),
(38, '2025-09-09', 'Cebu', 0),
(39, '2025-09-05', 'Gensan', 0),
(40, '2025-08-28', 'Cagayan De Oro', 0),
(41, '2025-09-05', 'Gensan', 0),
(42, '2025-10-20', 'Tacloban', 0),
(43, '2025-12-24', 'All', 0),
(44, '2025-12-25', 'All', 0),
(45, '2025-12-30', 'All', 0),
(46, '2025-12-31', 'All', 0),
(47, '2026-01-01', 'All', 0),
(48, '2026-01-09', 'Cagayan De Oro', 0),
(49, '2026-02-17', 'All', 0),
(50, '2026-03-20', 'All', 0),
(51, '2026-04-02', 'All', 0),
(52, '2026-04-03', 'All', 0),
(53, '2026-04-02', 'All', 0),
(54, '2026-04-03', 'All', 0),
(55, '2026-04-09', 'All', 0);

-- --------------------------------------------------------

--
-- Table structure for table `leave_status`
--

CREATE TABLE `leave_status` (
  `id` int(200) NOT NULL,
  `employee_name` varchar(200) NOT NULL,
  `leave_date` date NOT NULL,
  `leave_duration` varchar(200) NOT NULL,
  `employee_id` int(11) DEFAULT NULL,
  `is_deleted` tinyint(1) NOT NULL DEFAULT 0
) ENGINE=InnoDB DEFAULT CHARSET=utf8mb4 COLLATE=utf8mb4_general_ci;

--
-- Dumping data for table `leave_status`
--

INSERT INTO `leave_status` (`id`, `employee_name`, `leave_date`, `leave_duration`, `employee_id`, `is_deleted`) VALUES
(6, 'Reymund Rodelas', '2024-04-04', '1', 26, 0),
(7, 'Amadella Joy Ureta', '2024-04-08', '1', NULL, 0),
(8, 'Jose Benemerito', '2024-04-08', '1', NULL, 0),
(9, 'Dennis Baltazar', '2024-04-05', '1', NULL, 0),
(10, 'Dennis Baltazar', '2024-04-11', '0.5', NULL, 0),
(11, 'Amadella Joy Ureta', '2024-04-11', '1', NULL, 0),
(12, 'Whendy Lyn Rivera', '2024-04-03', '1', NULL, 0),
(13, 'Whendy Lyn Rivera', '2024-04-04', '1', NULL, 0),
(14, 'Sharlyn Marichado', '2024-04-08', '1', NULL, 0),
(15, 'Shiela Marie Calonia', '2024-04-01', '1', NULL, 0),
(16, 'Kurt Nicole Torres', '2024-04-11', '1', NULL, 0),
(17, 'Maria Valerie Gomez', '2024-04-15', '1', 25, 0),
(18, 'Maureen Fang', '2024-04-15', '1', NULL, 0),
(19, 'Jefferson Manabat', '2024-04-12', '0.5', 15, 0),
(20, 'Maria Valerie Gomez', '2024-04-15', '1', 25, 0),
(21, 'Amadella Joy Ureta', '2024-04-11', '1', NULL, 0),
(22, 'Maureen Fang', '2024-04-15', '1', NULL, 0),
(23, 'Allen Rose Cahilig', '2024-04-12', '1', 19, 0),
(24, 'Dennis Baltazar', '2024-04-11', '0.5', NULL, 0),
(25, 'Zylene Janela Arcenal', '2024-04-17', '0.5', NULL, 0),
(26, 'Shiela Marie Calonia', '2024-04-15', '1', NULL, 0),
(27, 'Katrina Masangcay', '2024-04-16', '0.5', NULL, 0),
(28, 'Sharlyn Marichado', '2024-04-16', '1', NULL, 0),
(29, 'Reymund Rodelas', '2024-04-18', '0.5', 26, 0),
(30, 'Reymund Rodelas', '2024-04-19', '1', 26, 0),
(31, 'Ken Angelo Azanza', '2024-04-23', '1', 41, 0),
(32, 'Ken Angelo Azanza', '2024-04-24', '1', 41, 0),
(33, 'Ken Angelo Azanza', '2024-04-25', '1', 41, 0),
(34, 'Ken Angelo Azanza', '2024-04-25', '1', 41, 0),
(35, 'Amadella Joy Ureta', '2024-04-18', '0.5', NULL, 0),
(36, 'Amadella Joy Ureta', '2024-04-23', '1', NULL, 0),
(37, 'Amadella Joy Ureta', '2024-04-23', '1', NULL, 0),
(38, 'Amadella Joy Ureta', '2024-04-24', '0.5', NULL, 0),
(39, 'Mary Joy Valencia', '2024-04-22', '1', NULL, 0),
(40, 'Mary Joy Valencia', '2024-04-23', '1', NULL, 0),
(41, 'Ritz Ann Hipolito', '2024-04-18', '1', NULL, 0),
(42, 'Jose Benemerito', '2024-04-24', '1', NULL, 0),
(43, 'Allison Livara', '2024-04-25', '1', NULL, 0),
(44, 'Katrina Masangcay', '2024-04-23', '0.5', NULL, 0),
(45, 'Allison Livara', '2024-04-18', '1', NULL, 0),
(46, 'Zylene Janela Arcenal', '2024-04-25', '0.5', NULL, 0),
(47, 'Zylene Janela Arcenal', '2024-04-26', '1', NULL, 0),
(48, 'Allen Rose Cahilig', '2024-01-08', '1', 19, 0),
(49, 'Maria Valerie Gomez', '2024-01-10', '1', 25, 0),
(50, 'Shiela Marie Calonia', '2024-01-04', '1', NULL, 0),
(51, 'Maureen Fang', '2024-01-11', '1', NULL, 0),
(52, 'Maureen Fang', '2024-01-16', '1', NULL, 0),
(53, 'Allen Rose Cahilig', '2024-01-19', '1', 19, 0),
(54, 'Allen Rose Cahilig', '2024-01-19', '1', 19, 0),
(55, 'Allen Rose Cahilig', '2024-01-22', '1', 19, 0),
(56, 'Amadella Joy Ureta', '2024-01-22', '1', NULL, 0),
(57, 'Meralynn Doria', '2024-01-19', '1', 20, 0),
(58, 'Meralynn Doria', '2024-01-23', '1', 20, 0),
(59, 'Dories Azeez', '2024-01-22', '1', 33, 0),
(60, 'Dories Azeez', '2024-01-23', '1', 33, 0),
(61, 'Dories Azeez', '2024-01-24', '1', 33, 0),
(62, 'Katrina Masangcay', '2024-01-24', '1', NULL, 0),
(63, 'Mary Joy Valencia', '2024-01-18', '1', NULL, 0),
(64, 'Carlos Ramirez', '2024-01-24', '1', 31, 0),
(65, 'Ritz Ann Hipolito', '2024-01-22', '1', NULL, 0),
(66, 'Amadella Joy Ureta', '2024-01-29', '1', NULL, 0),
(67, 'Maureen Fang', '2024-01-29', '1', NULL, 0),
(68, 'Dories Azeez', '2024-01-25', '1', 33, 0),
(69, 'Dories Azeez', '2024-01-26', '1', 33, 0),
(70, 'Katrina Masangcay', '2024-01-25', '1', NULL, 0),
(71, 'Katrina Masangcay', '2024-01-26', '1', NULL, 0),
(72, 'Katrina Masangcay', '2024-01-29', '1', NULL, 0),
(73, 'Katrina Masangcay', '2024-01-30', '1', NULL, 0),
(74, 'Katrina Masangcay', '2024-01-31', '1', NULL, 0),
(75, 'Shiela Marie Calonia', '2024-01-26', '1', NULL, 0),
(76, 'Allen Rose Cahilig', '2024-04-26', '1', 19, 0),
(77, 'Allen Rose Cahilig', '2024-04-29', '1', 19, 0),
(78, 'Allen Rose Cahilig', '2024-04-30', '1', 19, 0),
(79, 'Meralynn Doria', '2024-04-29', '1', 20, 0),
(80, 'Ken Angelo Azanza', '2024-04-25', '1', 41, 0),
(81, 'Joy Tiempo', '2024-04-26', '1', 10, 0),
(82, 'Allen Rose Cahilig', '2024-05-02', '1', 19, 0),
(83, 'Allen Rose Cahilig', '2024-05-03', '1', 19, 0),
(84, 'Maria Valerie Gomez', '2024-05-08', '1', 25, 0),
(85, 'Benjur Castillo', '2024-05-02', '0.5', 39, 0),
(86, 'Dennis Baltazar', '2024-05-08', '0.5', NULL, 0),
(87, 'Amadella Joy Ureta', '2024-05-06', '1', NULL, 0),
(88, 'Jade Lorenz Cruz', '0000-00-00', '1', 9, 0),
(89, 'Jefferson Manabat', '2024-05-02', '1', 15, 0),
(90, 'Jefferson Manabat', '2024-05-03', '1', 15, 0),
(91, 'Jefferson Manabat', '2024-05-06', '1', 15, 0),
(92, 'Jefferson Manabat', '2024-05-07', '1', 15, 0),
(93, 'Jefferson Manabat', '2024-05-08', '1', 15, 0),
(94, 'Jefferson Manabat', '2024-05-09', '1', 15, 0),
(95, 'Jade Lorenz Cruz', '2024-05-06', '1', 9, 0),
(96, 'Sophia Lei Ramos', '2024-05-03', '1', NULL, 0),
(97, 'Sophia Lei Ramos', '2024-05-08', '1', NULL, 0),
(98, 'Reynaldo Francisco', '2024-05-03', '1', 29, 0),
(99, 'Benjur Castillo', '2024-05-02', '0.5', 39, 0),
(100, 'Maureen Fang', '2024-05-06', '1', NULL, 0),
(101, 'Meralynn Doria', '2024-05-09', '1', 20, 0),
(102, 'Allen Rose Cahilig', '2024-01-08', '1', 19, 0),
(103, 'Jerico Duguran', '2024-01-02', '1', NULL, 0),
(104, 'Amadella Joy Ureta', '2024-01-02', '1', NULL, 0),
(105, 'Meralynn Doria', '2024-01-01', '1', 20, 0),
(106, 'Meralynn Doria', '2024-01-02', '1', 20, 0),
(107, 'Meralynn Doria', '2024-01-03', '1', 20, 0),
(108, 'Joy Tiempo', '2024-05-10', '1', 10, 0),
(109, 'Katrina Masangcay', '2024-01-02', '1', NULL, 0),
(110, 'Katrina Masangcay', '2024-01-03', '1', NULL, 0),
(111, 'Reynaldo Francisco', '2024-01-02', '1', 29, 0),
(112, 'Katrina Masangcay', '2024-02-01', '1', NULL, 0),
(113, 'Katrina Masangcay', '2024-02-02', '1', NULL, 0),
(114, 'Allison Livara', '2024-05-10', '1', NULL, 0),
(115, 'Allen Rose Cahilig', '2024-02-19', '1', 19, 0),
(116, 'Amadella Joy Ureta', '2024-02-19', '1', NULL, 0),
(117, 'Maureen Fang', '2024-02-19', '1', NULL, 0),
(118, 'Meralynn Doria', '2024-02-19', '1', 20, 0),
(119, 'Joy Tiempo', '2024-01-27', '1', 10, 0),
(120, 'Amadella Joy Ureta', '2024-01-28', '1', NULL, 0),
(121, 'Hannah Patricia Resuello', '2024-02-28', '1', NULL, 0),
(122, 'Katrina Masangcay', '2024-02-23', '1', NULL, 0),
(123, 'Katrina Masangcay', '2024-02-26', '1', NULL, 0),
(124, 'Ritz Ann Hipolito', '2024-02-22', '1', NULL, 0),
(125, 'Ritz Ann Hipolito', '2024-02-23', '1', NULL, 0),
(126, 'Jade Lorenz Cruz', '2024-02-26', '1', 9, 0),
(127, 'Joy Tiempo', '2024-03-04', '1', 10, 0),
(128, 'Dennis Baltazar', '2024-03-05', '1', NULL, 0),
(129, 'Amadella Joy Ureta', '2024-03-04', '1', NULL, 0),
(130, 'Amadella Joy Ureta', '2024-03-05', '1', NULL, 0),
(131, 'Maureen Fang', '2024-03-04', '1', NULL, 0),
(132, 'Whendy Lyn Rivera', '2024-03-06', '1', NULL, 0),
(133, 'Amadella Joy Ureta', '2024-03-11', '1', NULL, 0),
(134, 'Meralynn Doria', '2024-03-11', '1', 20, 0),
(135, 'Joy Tiempo', '2024-03-19', '1', 10, 0),
(136, 'Maureen Fang', '2024-03-18', '1', NULL, 0),
(137, 'Whendy Lyn Rivera', '2024-03-18', '1', NULL, 0),
(138, 'Allen Rose Cahilig', '2024-03-27', '1', 19, 0),
(139, 'Amadella Joy Ureta', '2024-03-25', '1', NULL, 0),
(140, 'Maureen Fang', '2024-03-27', '1', NULL, 0),
(141, 'Dories Azeez', '2024-03-25', '1', 33, 0),
(142, 'Dories Azeez', '2024-03-26', '1', 33, 0),
(143, 'Dories Azeez', '2024-03-27', '1', 33, 0),
(144, 'Reynaldo Francisco', '2024-03-26', '1', 29, 0),
(145, 'Reynaldo Francisco', '2024-03-27', '1', 29, 0),
(146, 'Ritz Ann Hipolito', '2024-03-25', '1', NULL, 0),
(147, 'Allen Rose Cahilig', '2024-04-01', '1', 19, 0),
(148, 'Allen Rose Cahilig', '2024-04-02', '1', 19, 0),
(149, 'Meralynn Doria', '2024-04-01', '1', 20, 0),
(150, 'Meralynn Doria', '2024-04-02', '1', 20, 0),
(151, 'Maureen Fang', '2024-04-01', '1', NULL, 0),
(152, 'Maureen Fang', '2024-04-01', '1', NULL, 0),
(153, 'Whendy Lyn Rivera', '2024-04-03', '1', NULL, 0),
(154, 'Reynaldo Francisco', '2024-04-01', '1', 29, 0),
(155, 'Reynaldo Francisco', '2024-04-02', '1', 29, 0),
(156, 'Reynaldo Francisco', '2024-04-03', '1', 29, 0),
(157, 'Amadella Joy Ureta', '2024-01-08', '0.5', NULL, 0),
(158, 'Reymund Rodelas', '2024-01-04', '0.5', 26, 0),
(159, 'Reynaldo Francisco', '2024-01-26', '0.5', 29, 0),
(160, 'Joy Tiempo', '2024-02-19', '0.5', 10, 0),
(161, 'Amadella Joy Ureta', '2024-02-27', '0.5', NULL, 0),
(162, 'Maureen Fang', '2024-03-22', '0.5', NULL, 0),
(163, 'Maria Valerie Gomez', '2024-03-13', '0.5', 25, 0),
(164, 'Meralynn Doria', '2024-03-12', '0.5', 20, 0),
(165, 'Amadella Joy Ureta', '2024-03-19', '0.5', NULL, 0),
(166, 'Mary Joy Valencia', '2024-03-18', '0.5', NULL, 0),
(167, 'Amadella Joy Ureta', '2024-02-26', '0.5', NULL, 0),
(168, 'Amadella Joy Ureta', '2024-04-01', '0.5', NULL, 0),
(169, 'Jade Lorenz Cruz', '2024-03-25', '0.5', 9, 0),
(170, 'Dennis Baltazar', '2024-04-11', '0.5', NULL, 0),
(171, 'Jefferson Manabat', '2024-04-12', '0.5', 15, 0),
(172, 'Katrina Masangcay', '2024-04-16', '0.5', NULL, 0),
(173, 'Zylene Janela Arcenal', '2024-04-17', '0.5', NULL, 0),
(174, 'Dennis Baltazar', '2024-12-05', '1', NULL, 0),
(175, 'Carl Erick Lopez', '2024-05-13', '1', NULL, 0),
(176, 'Dennis Baltazar', '2024-05-14', '1', NULL, 0),
(177, 'Jefferson Manabat', '2024-05-10', '1', 15, 0),
(178, 'Jefferson Manabat', '2024-05-13', '1', 15, 0),
(179, 'Jefferson Manabat', '2024-05-14', '1', 15, 0),
(180, 'Jefferson Manabat', '2024-05-15', '1', 15, 0),
(181, 'Jefferson Manabat', '2024-05-16', '1', 15, 0),
(182, 'Benjur Castillo', '2024-05-15', '1', 39, 0),
(183, 'Benjur Castillo', '2024-05-16', '1', 39, 0),
(184, 'Ritz Ann Hipolito', '2024-05-13', '1', NULL, 0),
(185, 'Joy Tiempo', '2024-02-27', '1', 10, 0),
(186, 'Jezza Bantillan', '2024-05-20', '1', 49, 0),
(187, 'Benjur Castillo', '2024-05-17', '0.5', 39, 0),
(188, 'Jefferson Manabat', '2024-05-17', '1', 15, 0),
(189, 'Jefferson Manabat', '2024-05-18', '1', 15, 0),
(190, 'Jefferson Manabat', '2024-05-20', '1', 15, 0),
(191, 'Jefferson Manabat', '2024-05-21', '1', 15, 0),
(192, 'Jefferson Manabat', '2024-05-22', '1', 15, 0),
(193, 'Hannah Patricia Resuello', '2024-05-20', '1', NULL, 0),
(194, 'Mary Joy Valencia', '2024-05-17', '1', NULL, 0),
(195, 'Dennis Baltazar', '2024-05-23', '1', NULL, 0),
(196, 'Allison Livara', '2024-05-23', '1', NULL, 0),
(197, 'Amadella Joy Ureta', '2024-05-23', '1', NULL, 0),
(198, 'Meralynn Doria', '2024-05-03', '1', 20, 0),
(199, 'Jezza Bantillan', '2024-05-21', '0.5', 49, 0),
(200, 'Allison Livara', '2024-05-24', '1', NULL, 0),
(201, 'Amadella Joy Ureta', '2024-05-24', '1', NULL, 0),
(202, 'Katrina Masangcay', '2024-05-24', '1', NULL, 0),
(203, 'Reynaldo Francisco', '2024-05-24', '1', 29, 0),
(204, 'Reynaldo Francisco', '2024-05-24', '1', 29, 0),
(205, 'Reynaldo Francisco', '2024-05-28', '1', 29, 0),
(206, 'Meralynn Doria', '2024-05-27', '1', 20, 0),
(207, 'Benjur Castillo', '2024-05-23', '0.5', 39, 0),
(208, 'Jade Lorenz Cruz', '2024-05-28', '1', 9, 0),
(209, 'Jade Lorenz Cruz', '2024-05-28', '1', 9, 0),
(210, 'Maureen Fang', '2024-05-27', '1', NULL, 0),
(211, 'Zylene Janela Arcenal', '2024-05-24', '1', NULL, 0),
(212, 'Jefferson Manabat', '2024-05-23', '1', 15, 0),
(213, 'Jefferson Manabat', '2024-05-24', '1', 15, 0),
(214, 'Jefferson Manabat', '2024-05-27', '1', 15, 0),
(215, 'Jefferson Manabat', '2024-05-28', '1', 15, 0),
(216, 'Jefferson Manabat', '2024-05-29', '1', 15, 0),
(217, 'Jefferson Manabat', '2024-05-30', '1', 15, 0),
(218, 'Jefferson Manabat', '2024-05-31', '1', 15, 0),
(219, 'Katrina Masangcay', '2024-05-17', '0.5', NULL, 0),
(220, 'Maria Valerie Gomez', '2024-05-29', '1', 25, 0),
(221, 'Allen Rose Cahilig', '2024-05-28', '1', 19, 0),
(222, 'Allen Rose Cahilig', '2024-05-29', '1', 19, 0),
(223, 'Hannah Patricia Resuello', '2024-05-29', '1', NULL, 0),
(224, 'Hannah Patricia Resuello', '2024-05-30', '1', NULL, 0),
(225, 'Hannah Patricia Resuello', '2024-05-31', '1', NULL, 0),
(226, 'Allen Rose Cahilig', '2024-05-30', '1', 19, 0),
(227, 'Allen Rose Cahilig', '2024-05-30', '1', 19, 0),
(228, 'Carlos Ramirez', '2024-06-03', '1', 31, 0),
(229, 'Katrina Masangcay', '2024-06-03', '1', NULL, 0),
(230, 'Maria Valerie Gomez', '2024-05-29', '1', 25, 0),
(231, 'Jade Lorenz Cruz', '2024-06-03', '1', 9, 0),
(232, 'Hannah Patricia Resuello', '2024-05-30', '1', NULL, 0),
(233, 'Hannah Patricia Resuello', '2024-05-31', '1', NULL, 0),
(234, 'Reynaldo Francisco', '2024-06-03', '1', 29, 0),
(235, 'Joy Tiempo', '2024-05-31', '1', 10, 0),
(236, 'Jezza Bantillan', '2024-05-31', '0.5', 49, 0),
(237, 'Allison Livara', '2024-06-06', '1', NULL, 0),
(238, 'Allen Rose Cahilig', '2024-06-11', '1', 19, 0),
(239, 'Allen Rose Cahilig', '2024-06-11', '1', 19, 0),
(240, 'Maureen Fang', '2024-06-10', '1', NULL, 0),
(241, 'Julie-an Camazo', '2024-06-06', '1', 21, 0),
(242, 'Jennebel Suello', '2024-06-11', '1', 48, 0),
(243, 'Ken Angelo Azanza', '2024-06-13', '1', 41, 0),
(244, 'Reynaldo Francisco', '2024-06-18', '1', 29, 0),
(245, 'Dennis Baltazar', '2024-06-18', '0.5', NULL, 0),
(246, 'Dories Azeez', '2024-06-13', '1', 33, 0),
(247, 'Dories Azeez', '2024-06-14', '1', 33, 0),
(248, 'Allison Livara', '2024-06-20', '1', NULL, 0),
(249, 'Allison Livara', '2024-06-21', '1', NULL, 0),
(250, 'Ritz Ann Hipolito', '2024-06-20', '0.5', NULL, 0),
(251, 'Julie-an Camazo', '2024-06-20', '1', 21, 0),
(252, 'Kurt Nicole Torres', '2024-06-21', '0.5', NULL, 0),
(253, 'Ken Angelo Azanza', '2024-06-26', '0.5', 41, 0),
(254, 'Reymund Rodelas', '2024-06-21', '1', 26, 0),
(255, 'Reynaldo Francisco', '2024-06-28', '1', 29, 0),
(256, 'Reynaldo Francisco', '2024-06-29', '0', 29, 0),
(257, 'Reynaldo Francisco', '2024-07-01', '1', 29, 0),
(258, 'Kurt Nicole Torres', '2024-07-01', '1', NULL, 0),
(259, 'Jade Lorenz Cruz', '2024-06-27', '1', 9, 0),
(260, 'Jade Lorenz Cruz', '2024-07-01', '1', 9, 0),
(261, 'Ritz Ann Hipolito', '2024-07-01', '0.5', NULL, 0),
(262, 'Benjur Castillo', '2024-07-01', '1', 39, 0),
(263, 'Benjur Castillo', '2024-07-02', '1', 39, 0),
(264, 'Maria Valerie Gomez', '2024-07-03', '1', 25, 0),
(265, 'Reymund Rodelas', '2024-07-03', '1', 26, 0),
(266, 'Dennis Baltazar', '2024-07-01', '1', NULL, 0),
(267, 'Julie-an Camazo', '2024-07-01', '1', 21, 0),
(268, 'Julie-an Camazo', '2024-07-02', '1', 21, 0),
(269, 'Julie-an Camazo', '2024-07-03', '1', 21, 0),
(270, 'Carlos Ramirez', '2024-07-01', '1', 31, 0),
(271, 'Julie-an Camazo', '2024-07-08', '1', 21, 0),
(272, 'Julie-an Camazo', '2024-07-09', '1', 21, 0),
(273, 'Allison Livara', '2024-07-09', '1', NULL, 0),
(274, 'Mary Joy Valencia', '2024-07-08', '1', NULL, 0),
(275, 'Hannah Patricia Resuello', '2024-07-05', '1', NULL, 0),
(276, 'Meralynn Doria', '2024-07-08', '1', 20, 0),
(277, 'Jade Lorenz Cruz', '2024-07-05', '1', 9, 0),
(278, 'Maureen Fang', '2024-07-10', '1', NULL, 0),
(279, 'Allen Rose Cahilig', '2024-07-05', '1', 19, 0),
(280, 'Reynaldo Francisco', '2024-07-10', '1', 29, 0),
(281, 'Katrina Masangcay', '2024-07-01', '1', NULL, 0),
(282, 'Reynaldo Francisco', '2024-07-10', '1', 29, 0),
(283, 'Maria Valerie Gomez', '2024-07-16', '1', 25, 0),
(284, 'Allen Rose Cahilig', '2024-07-15', '1', 19, 0),
(285, 'Allen Rose Cahilig', '2024-07-16', '1', 19, 0),
(286, 'Ken Angelo Azanza', '2024-07-16', '1', 41, 0),
(287, 'Meralynn Doria', '2024-07-16', '1', 20, 0),
(288, 'Katrina Masangcay', '2024-07-15', '1', NULL, 0),
(289, 'Katrina Masangcay', '2024-07-16', '1', NULL, 0),
(290, 'Julie-an Camazo', '2024-07-12', '1', 21, 0),
(291, 'Julie-an Camazo', '2024-07-23', '1', 21, 0),
(292, 'Meralynn Doria', '2024-07-23', '1', 20, 0),
(293, 'Meralynn Doria', '2024-07-24', '1', 20, 0),
(294, 'Jose Benemerito', '2024-07-24', '1', NULL, 0),
(295, 'Reynaldo Francisco', '2024-07-24', '1', 29, 0),
(296, 'Jennebel Suello', '2024-07-24', '1', 48, 0),
(297, 'Jade Lorenz Cruz', '2024-07-24', '1', 9, 0),
(298, 'Reymund Rodelas', '2024-07-24', '1', 26, 0),
(299, 'Jezza Bantillan', '2024-07-19', '1', 49, 0),
(300, 'Jezza Bantillan', '2024-07-24', '1', 49, 0),
(301, 'Benjur Castillo', '2024-07-24', '1', 39, 0),
(302, 'Dennis Baltazar', '2024-07-24', '1', NULL, 0),
(303, 'Joy Tiempo', '2024-07-24', '1', 10, 0),
(304, 'Ken Angelo Azanza', '2024-07-24', '1', 41, 0),
(305, 'Maria Valerie Gomez', '2024-07-24', '0.5', 25, 0),
(306, 'Hannah Patricia Resuello', '2024-07-24', '1', NULL, 0),
(307, 'Jerico Duguran', '2024-07-24', '1', NULL, 0),
(308, 'Allen Rose Cahilig', '2024-07-24', '1', 19, 0),
(309, 'Katrina Masangcay', '2024-07-24', '1', NULL, 0),
(310, 'Maureen Fang', '2024-07-24', '1', NULL, 0),
(311, 'Maureen Fang', '2024-07-25', '1', NULL, 0),
(312, 'Carlos Ramirez', '2024-07-24', '1', 31, 0),
(313, 'Benjur Castillo', '2024-07-29', '0.5', 39, 0),
(314, 'Kurt Nicole Torres', '2024-07-29', '1', NULL, 0),
(315, 'Genfrix Lorenz Genido', '2024-07-29', '1', NULL, 0),
(316, 'Mary Joy Valencia', '2024-07-26', '1', NULL, 0),
(317, 'Hannah Patricia Resuello', '2024-07-26', '1', NULL, 0),
(318, 'Jezza Bantillan', '2024-07-29', '1', 49, 0),
(319, 'Ken Angelo Azanza', '2024-08-05', '1', 41, 0),
(320, 'Ken Angelo Azanza', '2024-08-06', '1', 41, 0),
(321, 'Meralynn Doria', '2024-08-02', '1', 20, 0),
(322, 'Carlos Ramirez', '2024-08-06', '1', 31, 0),
(323, 'Ritz Ann Hipolito', '2024-08-06', '1', NULL, 0),
(324, 'Benjur Castillo', '2024-08-07', '1', 39, 0),
(325, 'Ritz Ann Hipolito', '2024-08-08', '1', NULL, 0),
(326, 'Ritz Ann Hipolito', '2024-08-07', '1', NULL, 0),
(327, 'Carlos Ramirez', '2024-08-02', '1', 31, 0),
(328, 'Reymund Rodelas', '2024-08-05', '1', 26, 0),
(329, 'Allen Rose Cahilig', '2024-08-08', '1', 19, 0),
(330, 'Mary Joy Valencia', '2024-08-12', '1', NULL, 0),
(331, 'Queenjan Batralo', '2024-08-09', '1', NULL, 0),
(332, 'Katrina Masangcay', '2024-08-12', '1', NULL, 0),
(333, 'Jose Benemerito', '2024-08-15', '1', NULL, 0),
(334, 'Jose Benemerito', '2024-08-16', '1', NULL, 0),
(335, 'Jezza Bantillan', '2024-08-19', '0.5', 49, 0),
(336, 'Queenjan Batralo', '2024-08-19', '1', NULL, 0),
(337, 'Queenjan Batralo', '2024-08-21', '1', NULL, 0),
(338, 'Maureen Fang', '2024-08-19', '1', NULL, 0),
(339, 'Kurt Nicole Torres', '2024-08-21', '1', NULL, 0),
(340, 'Ken Angelo Azanza', '2024-08-21', '1', 41, 0),
(341, 'Katrina Masangcay', '2024-08-20', '1', NULL, 0),
(342, 'Kurt Nicole Torres', '2024-08-27', '1', NULL, 0),
(343, 'Julie-an Camazo', '2024-08-22', '1', 21, 0),
(344, 'Julie-an Camazo', '2024-08-27', '1', 21, 0),
(345, 'Reynaldo Francisco', '2024-08-28', '0.5', 29, 0),
(346, 'Maria Valerie Gomez', '2024-08-28', '1', 25, 0),
(347, 'Ken Angelo Azanza', '2024-09-02', '0.5', 41, 0),
(348, 'Kurt Nicole Torres', '2024-09-02', '1', NULL, 0),
(349, 'Maureen Fang', '2024-09-02', '1', NULL, 0),
(350, 'Jade Lorenz Cruz', '2024-09-02', '1', 9, 0),
(351, 'Jennebel Suello', '2024-09-02', '1', 48, 0),
(352, 'Allen Rose Cahilig', '2024-09-02', '1', 19, 0),
(353, 'Meralynn Doria', '2024-09-03', '1', 20, 0),
(354, 'Maria Valerie Gomez', '2024-09-02', '1', 25, 0),
(355, 'Carlos Ramirez', '2024-09-02', '1', 31, 0),
(356, 'Meralynn Doria', '2024-09-05', '0.5', 20, 0),
(357, 'Meralynn Doria', '2024-09-09', '1', 20, 0),
(358, 'Queenjan Batralo', '2024-09-06', '1', NULL, 0),
(359, 'Allen Rose Cahilig', '2024-09-06', '0.5', 19, 0),
(360, 'Kurt Nicole Torres', '2024-09-10', '1', NULL, 0),
(361, 'Dennis Baltazar', '2024-09-10', '1', NULL, 0),
(362, 'Jade Lorenz Cruz', '2024-09-09', '1', 9, 0),
(363, 'Ken Angelo Azanza', '2024-09-11', '1', 41, 0),
(364, 'Julie-an Camazo', '2024-09-10', '1', 21, 0),
(365, 'Julie-an Camazo', '2024-09-04', '1', 21, 0),
(366, 'Kurt Nicole Torres', '2024-09-16', '1', NULL, 0),
(367, 'Jade Lorenz Cruz', '2024-09-16', '1', 9, 0),
(368, 'Katrina Masangcay', '2024-09-09', '1', NULL, 0),
(369, 'Katrina Masangcay', '2024-09-12', '1', NULL, 0),
(370, 'Reynaldo Francisco', '2024-09-20', '1', 29, 0),
(371, 'Reynaldo Francisco', '2024-09-23', '1', 29, 0),
(372, 'Kurt Nicole Torres', '2024-09-23', '1', NULL, 0),
(373, 'Jade Lorenz Cruz', '2024-09-23', '1', 9, 0),
(374, 'Reymund Rodelas', '2024-09-25', '1', 26, 0),
(375, 'Ken Angelo Azanza', '2024-09-30', '0.5', 41, 0),
(376, 'Reymund Rodelas', '2024-10-01', '0.5', 26, 0),
(377, 'Reymund Rodelas', '2024-10-02', '1', 26, 0),
(378, 'Jezza Bantillan', '2024-08-30', '1', 49, 0),
(379, 'Jezza Bantillan', '2024-09-30', '1', 49, 0),
(380, 'Katrina Masangcay', '2024-09-26', '1', NULL, 0),
(381, 'Katrina Masangcay', '2024-10-02', '1', NULL, 0),
(382, 'Mark Joseph Butihin', '2024-10-07', '1', 59, 0),
(383, 'Jennebel Suello', '2024-10-04', '1', 48, 0),
(384, 'Benjur Castillo', '2024-10-08', '1', 39, 0),
(385, 'Benjur Castillo', '2024-10-09', '1', 39, 0),
(386, 'Katrina Masangcay', '2024-10-07', '1', NULL, 0),
(387, 'Allaine Bless Espinosa', '2024-10-07', '1', 58, 0),
(388, 'Dennis Baltazar', '2024-10-21', '1', NULL, 0),
(389, 'Allen Rose Cahilig', '2024-10-21', '1', 19, 0),
(390, 'Benjur Castillo', '2024-10-23', '1', 39, 0),
(391, 'Dennis Baltazar', '2024-10-24', '1', NULL, 0),
(392, 'Meralynn Doria', '2024-10-17', '1', 20, 0),
(393, 'Meralynn Doria', '2024-10-23', '1', 20, 0),
(394, 'Maureen Fang', '2024-10-24', '1', NULL, 0),
(395, 'Jade Lorenz Cruz', '2024-10-24', '1', 9, 0),
(396, 'Maria Valerie Gomez', '2024-10-13', '1', 25, 0),
(397, 'Maria Valerie Gomez', '2024-10-14', '1', 25, 0),
(398, 'Reynaldo Francisco', '2024-10-24', '1', 29, 0),
(399, 'Allaine Bless Espinosa', '2024-10-25', '1', 58, 0),
(400, 'Benjur Castillo', '2024-10-25', '1', 39, 0),
(401, 'Ken Angelo Azanza', '2024-10-25', '1', 41, 0),
(402, 'Allen Rose Cahilig', '2024-10-28', '1', 19, 0),
(403, 'Allen Rose Cahilig', '2024-10-29', '1', 19, 0),
(404, 'Allen Rose Cahilig', '2024-10-30', '1', 19, 0),
(405, 'Allen Rose Cahilig', '2024-10-31', '1', 19, 0),
(406, 'Reynaldo Francisco', '2024-10-24', '1', 29, 0),
(407, 'Katrina Masangcay', '2024-10-15', '1', NULL, 0),
(408, 'Katrina Masangcay', '2024-10-17', '1', NULL, 0),
(409, 'Katrina Masangcay', '2024-10-23', '1', NULL, 0),
(410, 'Katrina Masangcay', '2024-10-24', '1', NULL, 0),
(411, 'Katrina Masangcay', '2024-10-29', '1', NULL, 0),
(412, 'Katrina Masangcay', '2024-10-30', '1', NULL, 0),
(413, 'Jade Lorenz Cruz', '2024-10-28', '1', 9, 0),
(414, 'Jade Lorenz Cruz', '2024-10-30', '1', 9, 0),
(415, 'Ken Angelo Azanza', '2024-10-29', '1', 41, 0),
(416, 'Jennebel Suello', '2024-11-04', '1', 48, 0),
(417, 'Maureen Fang', '2024-11-04', '1', NULL, 0),
(418, 'Jumao-as Natividad', '2024-11-04', '1', NULL, 0),
(419, 'Jumao-as Natividad', '2024-11-05', '1', NULL, 0),
(420, 'Jumao-as Natividad', '2024-11-06', '1', NULL, 0),
(421, 'Jumao-as Natividad', '2024-11-07', '1', NULL, 0),
(422, 'Maria Valerie Gomez', '2024-11-05', '1', 25, 0),
(423, 'Reynaldo Francisco', '2024-10-31', '0.5', 29, 0),
(424, 'Julie-an Camazo', '2024-11-06', '1', 21, 0),
(425, 'Maureen Fang', '2024-11-11', '1', NULL, 0),
(426, 'Maria Valerie Gomez', '2024-11-11', '1', 25, 0),
(427, 'Maria Valerie Gomez', '2024-11-12', '1', 25, 0),
(428, 'Maria Valerie Gomez', '2024-11-13', '1', 25, 0),
(429, 'Maria Valerie Gomez', '2024-11-14', '1', 25, 0),
(430, 'Jade Lorenz Cruz', '2024-11-13', '1', 9, 0),
(431, 'Ken Angelo Azanza', '2024-11-13', '1', 41, 0),
(432, 'Ferdinand Dee', '2024-11-14', '0.5', 60, 0),
(433, 'Katrina Masangcay', '2024-11-05', '1', NULL, 0),
(434, 'Katrina Masangcay', '2024-11-08', '1', NULL, 0),
(435, 'Katrina Masangcay', '2024-11-11', '1', NULL, 0),
(436, 'Jennebel Suello', '2024-11-11', '1', 48, 0),
(437, 'Jennebel Suello', '2024-11-12', '1', 48, 0),
(438, 'Jennebel Suello', '2024-11-13', '1', 48, 0),
(439, 'Jennebel Suello', '2024-11-14', '1', 48, 0),
(440, 'Ken Angelo Azanza', '2024-11-15', '1', 41, 0),
(441, 'Benjur Castillo', '2024-11-14', '1', 39, 0),
(442, 'Benjur Castillo', '2024-11-15', '1', 39, 0),
(443, 'Allen Rose Cahilig', '2024-11-20', '1', 19, 0),
(444, 'Reynaldo Francisco', '2024-11-15', '1', 29, 0),
(445, 'Maria Valerie Gomez', '2024-11-14', '1', 25, 0),
(446, 'Maria Valerie Gomez', '2024-11-15', '1', 25, 0),
(447, 'Ken Angelo Azanza', '2024-11-26', '1', 41, 0),
(448, 'Dennis Baltazar', '2024-11-26', '1', NULL, 0),
(449, 'Maureen Fang', '2024-11-21', '1', NULL, 0),
(450, 'Maureen Fang', '2024-11-26', '1', NULL, 0),
(451, 'Reymund Rodelas', '2024-11-21', '0.5', 26, 0),
(452, 'Reynaldo Francisco', '2024-11-27', '1', 29, 0),
(453, 'Maria Valerie Gomez', '2024-11-25', '1', 25, 0),
(454, 'Benjur Castillo', '2024-11-28', '1', 39, 0),
(455, 'Ferdinand Dee', '2024-11-28', '0.5', 60, 0),
(456, 'Maureen Fang', '2024-11-29', '1', NULL, 0),
(457, 'Queenjan Batralo', '2024-11-29', '1', NULL, 0),
(458, 'Maureen Fang', '2024-12-03', '1', NULL, 0),
(459, 'Michaela Cedilla', '2024-12-04', '0.5', 63, 0),
(460, 'Benjur Castillo', '2024-12-04', '0.5', 39, 0),
(461, 'Jennebel Suello', '2024-12-05', '1', 48, 0),
(462, 'Allen Rose Cahilig', '2024-12-09', '1', 19, 0),
(463, 'Benjur Castillo', '2024-12-06', '1', 39, 0),
(464, 'Dennis Baltazar', '2024-12-09', '0.5', NULL, 0),
(465, 'Reymund Rodelas', '2024-12-09', '1', 26, 0),
(466, 'Benjur Castillo', '2024-12-11', '1', 39, 0),
(467, 'Maria Valerie Gomez', '2024-12-06', '1', 25, 0),
(468, 'Ken Angelo Azanza', '2024-12-12', '1', 41, 0),
(469, 'Dennis Baltazar', '2024-12-12', '1', NULL, 0),
(470, 'Allaine Bless Espinosa', '2024-12-13', '1', 58, 0),
(471, 'Reynaldo Francisco', '2024-12-13', '1', 29, 0),
(472, 'Jennebel Suello', '2024-12-13', '0.5', 48, 0),
(473, 'Benjur Castillo', '2024-12-13', '1', 39, 0),
(474, 'Benjur Castillo', '2024-12-17', '0.5', 39, 0),
(475, 'Allen Rose Cahilig', '2024-12-16', '1', 19, 0),
(476, 'Ken Angelo Azanza', '2024-12-17', '0.5', 41, 0),
(477, 'Jennebel Suello', '2024-12-18', '1', 48, 0),
(478, 'Reynaldo Francisco', '2024-12-23', '1', 29, 0),
(479, 'Reynaldo Francisco', '2024-12-26', '1', 29, 0),
(480, 'Bianca Inocencio', '2024-12-23', '0.5', 72, 0),
(481, 'Melody Laureano', '2024-12-23', '0.5', 71, 0),
(482, 'Benjur Castillo', '2024-12-26', '1', 39, 0),
(483, 'Benjur Castillo', '2025-01-27', '1', 39, 0),
(484, 'Benjur Castillo', '2024-12-27', '1', 39, 0),
(485, 'Reynaldo Francisco', '2024-12-26', '1', 29, 0),
(486, 'Reynaldo Francisco', '2024-12-27', '1', 29, 0),
(487, 'Reymund Rodelas', '2024-12-27', '1', 26, 0),
(488, 'Ken Angelo Azanza', '2024-12-26', '0.5', 41, 0),
(489, 'Ken Angelo Azanza', '2024-12-27', '1', 41, 0),
(490, 'Julie-an Camazo', '2024-12-23', '1', 21, 0),
(491, 'Julie-an Camazo', '2024-12-26', '1', 21, 0),
(492, 'Julie-an Camazo', '2024-12-27', '1', 21, 0),
(493, 'Dennis Baltazar', '2024-12-23', '1', NULL, 0),
(494, 'Mark Lourenz Brutas', '2024-12-23', '0.5', 77, 0),
(495, 'Maria Valerie Gomez', '2024-12-27', '1', 25, 0),
(496, 'Carlos Ramirez', '2024-12-26', '1', 31, 0),
(497, 'Carlos Ramirez', '2024-12-27', '1', 31, 0),
(498, 'Julie-an Camazo', '2025-01-02', '1', 21, 0),
(499, 'Julie-an Camazo', '2025-01-03', '1', 21, 0),
(500, 'Meralynn Doria', '2025-01-02', '1', 20, 0),
(501, 'Meralynn Doria', '2025-01-03', '1', 20, 0),
(502, 'Meralynn Doria', '2025-01-06', '1', 20, 0),
(503, 'Benjur Castillo', '2025-01-03', '1', 39, 0),
(504, 'Allen Rose Cahilig', '2025-01-02', '1', 19, 0),
(505, 'Allen Rose Cahilig', '2025-01-03', '1', 19, 0),
(506, 'Shamae Cantor', '2025-01-06', '1', NULL, 0),
(507, 'Meghan Cabrera', '2025-01-06', '1', 74, 0),
(508, 'Mark Joseph Butihin', '2025-01-13', '1', 59, 0),
(509, 'Dennis Baltazar', '2025-01-13', '1', NULL, 0),
(510, 'Benjur Castillo', '2025-01-10', '1', 39, 0),
(511, 'Benjur Castillo', '2025-01-14', '1', 39, 0),
(512, 'Jennebel Suello', '2025-01-15', '0.5', 48, 0),
(513, 'Maria Valerie Gomez', '2025-01-13', '1', 25, 0),
(514, 'Ken Angelo Azanza', '2025-01-10', '0.5', 41, 0),
(515, 'Ken Angelo Azanza', '2025-01-15', '1', 41, 0),
(516, 'Benjur Castillo', '2025-01-21', '1', 39, 0),
(517, 'Jennebel Suello', '2025-01-20', '1', 48, 0),
(518, 'Benjur Castillo', '2025-01-17', '1', 39, 0),
(519, 'Dennis Baltazar', '2025-01-22', '1', NULL, 0),
(520, 'Maria Valerie Gomez', '2025-01-22', '1', 25, 0),
(521, 'Allen Rose Cahilig', '2025-01-24', '1', 19, 0),
(522, 'Reynaldo Francisco', '2025-01-28', '0.5', 29, 0),
(523, 'Meralynn Doria', '2025-01-27', '1', 20, 0),
(524, 'Reymund Rodelas', '2025-01-24', '1', 26, 0),
(525, 'Dennis Baltazar', '2025-02-03', '0.5', NULL, 0),
(526, 'Reynaldo Francisco', '2025-02-03', '1', 29, 0),
(527, 'Benjur Castillo', '2025-02-04', '1', 39, 0),
(528, 'Allaine Bless Espinosa', '2025-01-31', '1', 58, 0),
(529, 'Meralynn Doria', '2025-01-31', '0.5', 20, 0),
(530, 'Meralynn Doria', '2025-02-03', '1', 20, 0),
(531, 'Reymund Rodelas', '2025-02-04', '1', 26, 0),
(532, 'Ken Angelo Azanza', '2025-02-04', '1', 41, 0),
(533, 'Ken Angelo Azanza', '2025-02-05', '1', 41, 0),
(534, 'Maria Valerie Gomez', '2025-02-04', '1', 25, 0),
(535, 'Hannah Mae Pangan', '2025-02-03', '1', 64, 0),
(536, 'Hannah Mae Pangan', '2025-02-04', '1', 64, 0),
(537, 'Mark Lourenz Brutas', '2025-02-11', '1', 77, 0),
(538, 'Benjur Castillo', '2025-02-07', '1', 39, 0),
(539, 'Benjur Castillo', '2025-02-10', '1', 39, 0),
(540, 'Benjur Castillo', '2025-02-11', '1', 39, 0),
(541, 'Michaela Cedilla', '2025-02-08', '1', 63, 0),
(542, 'Michaela Cedilla', '2025-02-07', '1', 63, 0),
(543, 'Allen Rose Cahilig', '2025-02-12', '1', 19, 0),
(544, 'Mhackhy Villasan', '2025-02-14', '1', 55, 0),
(545, 'Ken Angelo Azanza', '2025-02-14', '1', 41, 0),
(546, 'Maria Valerie Gomez', '2025-02-17', '1', 25, 0),
(547, 'Hannah Mae Pangan', '2025-02-18', '1', 64, 0),
(548, 'Benjur Castillo', '2025-02-21', '1', 39, 0),
(549, 'Dennis Baltazar', '2025-02-24', '1', NULL, 0),
(550, 'Meralynn Doria', '2025-02-21', '1', 20, 0),
(551, 'Maria Valerie Gomez', '2025-02-24', '1', 25, 0),
(552, 'Reymund Rodelas', '2025-02-24', '1', 26, 0),
(553, 'Benjur Castillo', '2025-03-28', '1', 39, 0),
(554, 'Mark Lourenz Brutas', '2025-03-03', '1', 77, 0),
(555, 'Allen Rose Cahilig', '2025-03-03', '1', 19, 0),
(556, 'Allen Rose Cahilig', '2025-03-04', '1', 19, 0),
(557, 'Benjur Castillo', '2025-02-28', '1', 39, 0),
(558, 'Dennis Baltazar', '2025-03-04', '1', NULL, 0),
(559, 'Dennis Baltazar', '2025-03-05', '1', NULL, 0),
(560, 'Julie-an Camazo', '2025-03-27', '1', 21, 0),
(561, 'Mark Lourenz Brutas', '2025-03-07', '1', 77, 0),
(562, 'Meralynn Doria', '2025-03-06', '1', 20, 0),
(563, 'Meralynn Doria', '2025-03-07', '1', 20, 0),
(564, 'Meralynn Doria', '2025-03-10', '1', 20, 0),
(565, 'Benjur Castillo', '2025-03-10', '1', 39, 0),
(566, 'Benjur Castillo', '2025-03-07', '1', 39, 0),
(567, 'Reymund Rodelas', '2025-03-12', '1', 26, 0),
(568, 'Allen Rose Cahilig', '2025-03-13', '1', 19, 0),
(569, 'Melody Laureano', '2025-03-17', '1', 71, 0),
(570, 'Execquil Maniclang', '2025-03-17', '1', 66, 0),
(571, 'Execquil Maniclang', '2025-03-18', '1', 66, 0),
(572, 'Dennis Baltazar', '2025-03-27', '1', NULL, 0),
(573, 'Dennis Baltazar', '2025-03-24', '1', NULL, 0),
(574, 'Benjur Castillo', '2025-03-21', '1', 39, 0),
(575, 'Meralynn Doria', '2025-03-19', '1', 20, 0),
(576, 'Meralynn Doria', '2025-03-20', '1', 20, 0),
(577, 'Meralynn Doria', '2025-03-21', '1', 20, 0),
(578, 'Dennis Baltazar', '2025-03-26', '1', NULL, 0),
(579, 'Maria Valerie Gomez', '2025-03-24', '1', 25, 0),
(580, 'Maria Valerie Gomez', '2025-03-26', '1', 25, 0),
(581, 'Bianca Inocencio', '2025-03-28', '1', 72, 0),
(582, 'Mhackhy Villasan', '2025-03-31', '0.5', 55, 0),
(583, 'Reynaldo Francisco', '2025-03-31', '1', 29, 0),
(584, 'Jennebel Suello', '2025-04-04', '1', 48, 0),
(585, 'Jennebel Suello', '2025-04-07', '1', 48, 0),
(586, 'Allaine Bless Espinosa', '2025-04-07', '1', 58, 0),
(587, 'Allaine Bless Espinosa', '2025-04-08', '1', 58, 0),
(588, 'Allen Rose Cahilig', '2025-04-02', '1', 19, 0),
(589, 'Allen Rose Cahilig', '2025-04-03', '1', 19, 0),
(590, 'Meralynn Doria', '2025-04-03', '1', 20, 0),
(591, 'Meralynn Doria', '2025-04-04', '1', 20, 0),
(592, 'Meralynn Doria', '2025-04-07', '1', 20, 0),
(593, 'Ken Angelo Azanza', '2025-04-15', '1', 41, 0),
(594, 'Benjur Castillo', '2025-04-14', '1', 39, 0),
(595, 'Benjur Castillo', '2025-04-15', '1', 39, 0),
(596, 'Melody Laureano', '2025-04-15', '1', 71, 0),
(597, 'Michaela Cedilla', '2025-04-14', '1', 63, 0),
(598, 'Maria Valerie Gomez', '2025-04-14', '1', 25, 0),
(599, 'Bianca Inocencio', '2025-04-16', '0.5', 72, 0),
(600, 'Mary Rose Andal', '2025-04-21', '1', 80, 0),
(601, 'John Rafael Mahinay', '2025-04-21', '1', 81, 0),
(602, 'Hannah Mae Pangan', '2025-04-21', '1', 64, 0),
(603, 'Ferdinand Dee', '2025-04-23', '1', 60, 0),
(604, 'Meralynn Doria', '2025-04-21', '1', 20, 0),
(605, 'Meralynn Doria', '2025-04-22', '1', 20, 0),
(606, 'Reynaldo Francisco', '2025-04-16', '1', 29, 0),
(607, 'Reynaldo Francisco', '2025-04-21', '1', 29, 0),
(608, 'Reynaldo Francisco', '2025-04-22', '1', 29, 0),
(609, 'Reynaldo Francisco', '2025-04-23', '1', 29, 0),
(610, 'Julie-an Camazo', '2025-04-21', '1', 21, 0),
(611, 'Bien Valdez', '2025-04-21', '1', 92, 0),
(612, 'Bien Valdez', '2025-04-22', '1', 92, 0),
(613, 'Ralph Ronnie Ian Dela Cruz', '2025-04-23', '1', 89, 0),
(614, 'Mark Lourenz Brutas', '2025-04-23', '0.5', 77, 0),
(615, 'Mark Lourenz Brutas', '2025-04-24', '1', 77, 0),
(616, 'Ronald Talampas', '2025-04-28', '0.5', 90, 0),
(617, 'Reynaldo Francisco', '2025-04-28', '1', 29, 0),
(618, 'Mary Rose Andal', '2025-05-02', '1', 80, 0),
(619, 'Mhackhy Villasan', '2025-05-02', '1', 55, 0),
(620, 'Michaela Cedilla', '2025-05-02', '1', 63, 0),
(621, 'Ronald Talampas', '2025-05-05', '1', 90, 0),
(622, 'Jennebel Suello', '2025-05-05', '1', 48, 0),
(623, 'Jade Lorenz Cruz', '2025-05-05', '1', 9, 0),
(624, 'Meralynn Doria', '2025-05-06', '0.5', 20, 0),
(625, 'Monico Alexander Flores', '2025-05-05', '1', 87, 0),
(626, 'Monico Alexander Flores', '2025-05-06', '1', 87, 0),
(627, 'Maria Valerie Gomez', '2025-05-02', '1', 25, 0),
(628, 'Dories Azeez', '2025-04-28', '1', 33, 0),
(629, 'Dories Azeez', '2025-04-29', '1', 33, 0),
(630, 'Dories Azeez', '2025-04-30', '1', 33, 0),
(631, 'Dories Azeez', '2025-05-02', '1', 33, 0),
(632, 'Dories Azeez', '2025-05-05', '1', 33, 0),
(633, 'Jade Lorenz Cruz', '2025-05-13', '1', 9, 0),
(634, 'Allaine Bless Espinosa', '2025-05-08', '1', 58, 0),
(635, 'Reymund Rodelas', '2025-05-16', '0.5', 26, 0),
(636, 'Allaine Bless Espinosa', '2025-05-19', '0.5', 58, 0),
(637, 'Jomar Soriano', '2025-05-19', '0.5', 91, 0),
(638, 'Ronald Talampas', '2025-05-13', '1', 90, 0),
(639, 'Ronald Talampas', '2025-05-20', '1', 90, 0),
(640, 'Meralynn Doria', '2025-05-09', '1', 20, 0),
(641, 'Meralynn Doria', '2025-05-19', '1', 20, 0),
(642, 'Meralynn Doria', '2025-05-20', '1', 20, 0),
(643, 'Meralynn Doria', '2025-05-21', '1', 20, 0),
(644, 'Julie-an Camazo', '2025-05-13', '1', 21, 0),
(645, 'John Rafael Mahinay', '2025-05-13', '1', 81, 0),
(646, 'John Rafael Mahinay', '2025-05-14', '1', 81, 0),
(647, 'Jemwel C. Aguilar', '2025-05-20', '1', 70, 0),
(648, 'Julie-an Camazo', '2025-05-19', '1', 21, 0),
(649, 'Julie-an Camazo', '2025-05-20', '1', 21, 0),
(650, 'Julie-an Camazo', '2025-05-21', '1', 21, 0),
(651, 'Michaela Cedilla', '2025-05-23', '1', 63, 0),
(652, 'Mark Lourenz Brutas', '2025-05-26', '1', 77, 0),
(653, 'Larry Paul Petargue', '2025-05-26', '1', 94, 0),
(654, 'Meralynn Doria', '2025-05-22', '1', 20, 0),
(655, 'Meralynn Doria', '2025-05-23', '1', 20, 0),
(656, 'Meralynn Doria', '2025-05-26', '1', 20, 0),
(657, 'Ronald Talampas', '2025-05-28', '0.5', 90, 0),
(658, 'Monico Alexander Flores', '2025-05-28', '1', 87, 0),
(659, 'Maria Valerie Gomez', '2025-05-29', '1', 25, 0),
(660, 'Allen Rose Cahilig', '2025-05-29', '1', 19, 0),
(661, 'Jomar Soriano', '2025-05-30', '1', 91, 0),
(662, 'Reymund Rodelas', '2025-06-02', '1', 26, 0),
(663, 'Ralph Ronnie Ian Dela Cruz', '2025-05-30', '1', 89, 0),
(664, 'Ronald Talampas', '2025-05-30', '1', 90, 0),
(665, 'Ralph Ronnie Ian Dela Cruz', '2025-05-30', '0.5', 89, 0),
(666, 'Michaela Cedilla', '2025-06-02', '1', 63, 0),
(667, 'Jennebel Suello', '2025-06-02', '1', 48, 0),
(668, 'Michaela Cedilla', '2025-06-02', '1', 63, 0),
(669, 'Meralynn Doria', '2025-06-03', '1', 20, 0),
(670, 'Jade Lorenz Cruz', '2025-06-03', '1', 9, 0),
(671, 'Ronald Talampas', '2025-06-04', '0.5', 90, 0),
(672, 'Allaine Bless Espinosa', '2025-06-04', '0.5', 58, 0),
(673, 'Allaine Bless Espinosa', '2025-06-04', '0.5', 58, 0),
(674, 'Jomar Soriano', '2025-06-05', '1', 91, 0),
(675, 'Jade Lorenz Cruz', '2025-06-05', '0.5', 9, 0),
(676, 'Meralynn Doria', '2025-06-09', '1', 20, 0),
(677, 'Meralynn Doria', '2025-06-10', '1', 20, 0),
(678, 'Maria Valerie Gomez', '2025-06-10', '1', 25, 0),
(679, 'Ronald Talampas', '2025-06-09', '1', 90, 0),
(680, 'Jade Lorenz Cruz', '2025-06-09', '1', 9, 0),
(681, 'Allaine Bless Espinosa', '2025-06-13', '0.5', 58, 0),
(682, 'Allaine Bless Espinosa', '2025-06-11', '1', 58, 0),
(683, 'Mark Lourenz Brutas', '2025-06-13', '1', 77, 0),
(684, 'Joy Tiempo', '2025-06-13', '1', 10, 0),
(685, 'Reynaldo Francisco', '2025-06-13', '1', 29, 0),
(686, 'Mary Rose Andal', '2025-06-13', '1', 80, 0),
(687, 'Ronald Talampas', '2025-06-13', '1', 90, 0),
(688, 'Allen Rose Cahilig', '2025-06-13', '1', 19, 0),
(689, 'Mary Rose Andal', '2025-06-16', '1', 80, 0),
(690, 'Jade Lorenz Cruz', '2025-06-18', '1', 9, 0),
(691, 'Jade Lorenz Cruz', '2025-06-19', '1', 9, 0),
(692, 'Jade Lorenz Cruz', '2025-06-20', '1', 9, 0),
(693, 'Jennebel Suello', '2025-06-18', '1', 48, 0),
(694, 'Ronald Talampas', '2025-06-18', '0.5', 90, 0),
(695, 'Ronald Talampas', '2025-06-19', '1', 90, 0),
(696, 'John Rafael Mahinay', '2025-06-19', '1', 81, 0),
(697, 'John Rafael Mahinay', '2025-06-20', '1', 81, 0),
(698, 'Meralynn Doria', '2025-06-19', '1', 20, 0),
(699, 'Allen Rose Cahilig', '2025-06-24', '1', 19, 0),
(700, 'Jade Lorenz Cruz', '2025-06-24', '1', 9, 0),
(701, 'Jomar Soriano', '2025-06-19', '1', 91, 0),
(702, 'Jomar Soriano', '2025-06-16', '0.5', 91, 0),
(703, 'Julie-an Camazo', '2025-06-27', '1', 21, 0),
(704, 'Hannah Mae Pangan', '2025-06-27', '1', 64, 0),
(705, 'Bien Valdez', '2025-06-27', '1', 92, 0),
(706, 'Mary Rose Andal', '2025-06-27', '1', 80, 0),
(707, 'Ronald Talampas', '2025-06-30', '0.5', 90, 0),
(708, 'Julie-an Camazo', '2025-06-27', '1', 21, 0),
(709, 'Allen Rose Cahilig', '2025-06-30', '1', 19, 0),
(710, 'Meralynn Doria', '2025-06-30', '1', 20, 0),
(711, 'Maria Valerie Gomez', '2025-06-26', '1', 25, 0),
(712, 'Reymund Rodelas', '2025-07-01', '1', 26, 0),
(713, 'Michaela Cedilla', '2025-07-01', '1', 63, 0),
(714, 'Jade Lorenz Cruz', '2025-07-01', '1', 9, 0),
(715, 'Jade Lorenz Cruz', '2025-07-02', '1', 9, 0),
(716, 'Jade Lorenz Cruz', '2025-07-03', '1', 9, 0),
(717, 'Allen Rose Cahilig', '2025-07-03', '1', 19, 0),
(718, 'Jennebel Suello', '2025-07-07', '1', 48, 0),
(719, 'Bianca Inocencio', '2025-07-07', '1', 72, 0),
(720, 'Emanuel Saez', '2025-07-08', '1', 76, 0),
(721, 'Reynaldo Francisco', '2025-07-04', '1', 29, 0),
(722, 'Ivy Bejerano', '2025-07-02', '1', 79, 0),
(723, 'Ivy Bejerano', '2025-07-04', '1', 79, 0),
(724, 'Ivy Bejerano', '2025-07-07', '1', 79, 0),
(725, 'Ivy Bejerano', '2025-07-14', '1', 79, 0),
(726, 'Ivy Bejerano', '2025-07-22', '1', 79, 0),
(727, 'Ivy Bejerano', '2025-07-29', '1', 79, 0),
(728, 'Ivy Bejerano', '2025-06-24', '1', 79, 0),
(729, 'Ivy Bejerano', '2025-06-27', '1', 79, 0),
(730, 'Ivy Bejerano', '2025-07-14', '1', 79, 0),
(731, 'Allaine Bless Espinosa', '2025-07-07', '1', 58, 0),
(732, 'Reymund Rodelas', '2025-07-09', '0.5', 26, 0),
(733, 'Jade Lorenz Cruz', '2025-07-09', '1', 9, 0),
(734, 'Jade Lorenz Cruz', '2025-07-10', '1', 9, 0),
(735, 'John Rafael Mahinay', '2025-07-09', '1', 81, 0),
(736, 'Meralynn Doria', '2025-07-10', '1', 20, 0),
(737, 'Monico Alexander Flores', '2025-07-14', '1', 87, 0),
(738, 'Monico Alexander Flores', '2025-07-15', '1', 87, 0),
(739, 'Julie-an Camazo', '2025-07-15', '1', 21, 0),
(740, 'Mary Rose Andal', '2025-07-22', '1', 80, 0),
(741, 'Mary Rose Andal', '2025-07-23', '1', 80, 0),
(742, 'Hannah Mae Pangan', '2025-07-22', '1', 64, 0),
(743, 'Meralynn Doria', '2025-07-21', '1', 20, 0),
(744, 'Meralynn Doria', '2025-07-22', '1', 20, 0),
(745, 'Meralynn Doria', '2025-07-23', '1', 20, 0),
(746, 'Bianca Inocencio', '2025-07-21', '1', 72, 0),
(747, 'Bien Valdez', '2025-07-21', '1', 92, 0),
(748, 'Allen Rose Cahilig', '2025-07-22', '1', 19, 0),
(749, 'Monico Alexander Flores', '2025-07-21', '1', 87, 0),
(750, 'Monico Alexander Flores', '2025-07-22', '1', 87, 0),
(751, 'Monico Alexander Flores', '2025-07-23', '1', 87, 0),
(752, 'Mark Lourenz Brutas', '2025-07-24', '1', 77, 0),
(753, 'Jennebel Suello', '2025-07-25', '1', 48, 0),
(754, 'Monico Alexander Flores', '2025-07-24', '1', 87, 0),
(755, 'Monico Alexander Flores', '2025-07-25', '1', 87, 0),
(756, 'Reynaldo Francisco', '2025-07-24', '1', 29, 0),
(757, 'Meralynn Doria', '2025-07-25', '1', 20, 0),
(758, 'Nicko Acita', '2025-07-18', '1', 97, 0),
(759, 'Nicko Acita', '2025-07-22', '1', 97, 0),
(760, 'Nicko Acita', '2025-07-23', '1', 97, 0),
(761, 'Mary Rose Andal', '2025-07-23', '1', 80, 0),
(762, 'Mary Rose Andal', '2025-07-24', '1', 80, 0),
(763, 'Mary Rose Andal', '2025-07-25', '1', 80, 0),
(764, 'Bianca Inocencio', '2025-07-25', '0.5', 72, 0),
(765, 'John Rafael Mahinay', '2025-07-28', '1', 81, 0),
(766, 'Allen Rose Cahilig', '2025-07-29', '1', 19, 0),
(767, 'Maria Valerie Gomez', '2025-07-29', '1', 25, 0),
(768, 'Bianca Inocencio', '2025-07-31', '1', 72, 0),
(769, 'Bianca Inocencio', '2025-08-01', '1', 72, 0),
(770, 'Jennebel Suello', '2025-08-04', '1', 48, 0),
(771, 'Meralynn Doria', '2025-08-01', '1', 20, 0),
(772, 'Reymund Rodelas', '2025-08-05', '1', 26, 0),
(773, 'Meralynn Doria', '2025-08-14', '1', 20, 0),
(774, 'John Rafael Mahinay', '2025-08-22', '1', 81, 0),
(775, 'Meralynn Doria', '2025-08-20', '1', 20, 0),
(776, 'Allen Rose Cahilig', '2025-08-22', '1', 19, 0),
(777, 'Bien Valdez', '2025-08-22', '1', 92, 0),
(778, 'Mary Rose Andal', '2025-08-26', '1', 80, 0),
(779, 'Allen Rose Cahilig', '2025-08-27', '1', 19, 0),
(780, 'Meralynn Doria', '2025-08-28', '1', 20, 0),
(781, 'Allaine Bless Espinosa', '2025-08-22', '0.5', 58, 0),
(782, 'Bianca Inocencio', '2025-08-22', '1', 72, 0),
(783, 'Allen Rose Cahilig', '2025-08-27', '1', 19, 0),
(784, 'Meralynn Doria', '2025-08-28', '1', 20, 0),
(785, 'Meralynn Doria', '2025-09-01', '1', 20, 0),
(786, 'Julie-an Camazo', '2025-08-22', '1', 21, 0),
(787, 'Julie-an Camazo', '2025-08-26', '1', 21, 0),
(788, 'Julie-an Camazo', '2025-08-27', '1', 21, 0),
(789, 'Mary Rose Andal', '2025-09-02', '1', 80, 0),
(790, 'Jennebel Suello', '2025-09-08', '1', 48, 0),
(791, 'Bianca Inocencio', '2025-09-08', '1', 72, 0),
(792, 'Hannah Mae Pangan', '2025-09-12', '1', 64, 0),
(793, 'John Rafael Mahinay', '2025-09-16', '0.5', 81, 0),
(794, 'Jennebel Suello', '2025-09-16', '1', 48, 0),
(795, 'Meralynn Doria', '2025-09-15', '1', 20, 0),
(796, 'Meralynn Doria', '2025-09-16', '1', 20, 0),
(797, 'Meralynn Doria', '2025-09-17', '1', 20, 0),
(798, 'Ronjel Veneracion', '2025-09-17', '1', 82, 0),
(799, 'Mary Rose Andal', '2025-09-22', '0.5', 80, 0),
(800, 'Mary Rose Andal', '2025-09-23', '1', 80, 0),
(801, 'Meralynn Doria', '2025-09-18', '1', 20, 0),
(802, 'Siricia-Mae Torres', '2025-09-22', '1', 95, 0),
(803, 'Siricia-Mae Torres', '2025-09-23', '1', 95, 0),
(804, 'Jomar Soriano', '2025-09-23', '1', 91, 0),
(805, 'Jomar Soriano', '2025-09-24', '1', 91, 0),
(806, 'John Rafael Mahinay', '2025-09-16', '0.5', 81, 0),
(807, 'John Rafael Mahinay', '2025-09-22', '1', 81, 0),
(808, 'Allen Rose Cahilig', '2025-09-23', '1', 19, 0),
(809, 'Nicko Acita', '2025-09-22', '1', 97, 0),
(810, 'Nicko Acita', '2025-09-23', '1', 97, 0),
(811, 'Edelyn Tolibas', '2025-09-26', '1', 78, 0),
(812, 'Allaine Bless Espinosa', '2025-09-25', '1', 58, 0),
(813, 'Reymund Rodelas', '2025-09-25', '1', 26, 0),
(814, 'Hannah Mae Pangan', '2025-09-26', '1', 64, 0),
(815, 'Allen Rose Cahilig', '2025-09-26', '1', 19, 0),
(816, 'Edelyn Tolibas', '2025-10-07', '0.5', 78, 0),
(817, 'Jennebel Suello', '2025-10-06', '1', 48, 0),
(818, 'Mary Rose Andal', '2025-10-10', '1', 80, 0),
(819, 'John Rafael Mahinay', '2025-10-21', '1', 81, 0),
(820, 'Hannah Mae Pangan', '2025-10-22', '1', 64, 0),
(821, 'Meralynn Doria', '2025-10-27', '1', 20, 0),
(822, 'Meralynn Doria', '2025-10-28', '1', 20, 0),
(823, 'Meralynn Doria', '2025-10-29', '1', 20, 0),
(824, 'Meralynn Doria', '2025-10-30', '1', 20, 0),
(825, 'Hannah Mae Pangan', '2025-10-22', '1', 64, 0),
(826, 'John Rafael Mahinay', '2025-10-23', '1', 81, 0),
(827, 'John Rafael Mahinay', '2025-10-24', '1', 81, 0),
(828, 'Jennebel Suello', '2025-10-24', '0.5', 48, 0),
(829, 'Siricia-Mae Torres', '2025-11-03', '1', 95, 0),
(830, 'Jennebel Suello', '2025-11-03', '1', 48, 0),
(831, 'Edelyn Tolibas', '2025-11-03', '1', 78, 0),
(832, 'Edelyn Tolibas', '2025-11-04', '1', 78, 0),
(833, 'Jennebel Suello', '2025-11-03', '1', 48, 0),
(834, 'Edelyn Tolibas', '2025-11-03', '1', 78, 0),
(835, 'Edelyn Tolibas', '2025-11-04', '1', 78, 0),
(836, 'Daniel De Leon', '2025-11-05', '1', 100, 0),
(837, 'Daniel De Leon', '2025-11-05', '1', 100, 0),
(838, 'Daniel De Leon', '2025-11-06', '1', 100, 0),
(839, 'Daniel De Leon', '2025-11-07', '1', 100, 0),
(840, 'John Rafael Mahinay', '2025-11-04', '1', 81, 0),
(841, 'Mary Rose Andal', '2025-11-10', '1', 80, 0),
(842, 'Bien Valdez', '2025-12-28', '1', 92, 0),
(843, 'John Rafael Mahinay', '2025-11-25', '1', 81, 0),
(844, 'Edelyn Tolibas', '2025-11-20', '1', 78, 0),
(845, 'Edelyn Tolibas', '2025-11-21', '1', 78, 0),
(846, 'Jennebel Suello', '2026-01-09', '1', 48, 0),
(847, 'Jennebel Suello', '2025-12-09', '1', 48, 0),
(848, 'Jennebel Suello', '2026-01-02', '1', 48, 0),
(849, 'Edelyn Tolibas', '2026-01-02', '1', 78, 0),
(850, 'Julie-an Camazo', '2025-12-22', '1', 21, 0),
(851, 'Julie-an Camazo', '2025-12-22', '1', 21, 0),
(852, 'Julie-an Camazo', '2025-12-23', '1', 21, 0),
(853, 'Julie-an Camazo', '2025-12-26', '1', 21, 0),
(854, 'Julie-an Camazo', '2025-12-29', '1', 21, 0),
(855, 'Julie-an Camazo', '2025-12-29', '1', 21, 0),
(856, 'Julie-an Camazo', '2025-12-29', '1', 21, 0),
(857, 'Julie-an Camazo', '2026-01-02', '1', 21, 0),
(858, 'Meralynn Doria', '2025-12-26', '1', 20, 0),
(859, 'Meralynn Doria', '2025-12-29', '1', 20, 0),
(860, 'Reymund Rodelas', '2025-12-29', '1', 26, 0),
(861, 'Allaine Bless Espinosa', '2025-12-29', '1', 58, 0),
(862, 'Bianca Inocencio', '2025-12-29', '1', 72, 0),
(863, 'Allen Rose Cahilig', '2025-12-26', '1', 19, 0),
(864, 'Allen Rose Cahilig', '2025-12-29', '1', 19, 0),
(865, 'Mark Lourenz Brutas', '2025-12-26', '1', 77, 0),
(866, 'Mark Lourenz Brutas', '2025-12-29', '1', 77, 0),
(867, 'Mary Rose Andal', '2025-12-26', '1', 80, 0),
(868, 'Mary Rose Andal', '2025-12-29', '1', 80, 0),
(869, 'Emanuel Saez', '2025-12-29', '1', 76, 0),
(870, 'Joy Tiempo', '2025-12-29', '1', 10, 0),
(871, 'Reymund Rodelas', '2026-01-02', '1', 26, 0),
(872, 'Hannah Mae Pangan', '2026-01-02', '1', 64, 0),
(873, 'Mary Rose Andal', '2026-01-02', '1', 80, 0),
(874, 'Joy Tiempo', '2026-01-02', '1', 10, 0),
(875, 'Meralynn Doria', '2026-01-02', '1', 20, 0),
(876, 'Maria Valerie Gomez', '2026-01-02', '1', 25, 0),
(877, 'Bianca Inocencio', '2026-01-02', '1', 72, 0),
(878, 'Jomar Soriano', '2026-01-02', '1', 91, 0),
(879, 'Reynaldo Francisco', '2026-01-02', '1', 29, 0),
(880, 'Emanuel Saez', '2026-01-02', '1', 76, 0),
(881, 'Allen Rose Cahilig', '2026-01-02', '1', 19, 0),
(882, 'Julie-an Camazo', '2026-01-05', '1', 21, 0),
(883, 'Julie-an Camazo', '2026-01-06', '1', 21, 0),
(884, 'Julie-an Camazo', '2026-01-07', '1', 21, 0),
(885, 'Julie-an Camazo', '2026-01-08', '1', 21, 0),
(886, 'Allaine Bless Espinosa', '2026-01-09', '1', 58, 0),
(887, 'Allaine Bless Espinosa', '2026-01-09', '1', 58, 0),
(888, 'Allaine Bless Espinosa', '2026-01-09', '1', 58, 0),
(889, 'Ivy Bejerano', '2026-01-08', '1', 79, 0),
(890, 'Ivy Bejerano', '2026-01-09', '1', 79, 0),
(891, 'Ivy Bejerano', '2026-01-12', '1', 79, 0),
(892, 'Ivy Bejerano', '2026-01-13', '1', 79, 0),
(893, 'Ivy Bejerano', '2026-01-14', '1', 79, 0),
(894, 'Bien Valdez', '2026-01-15', '1', 92, 0),
(895, 'Mark Lourenz Brutas', '2026-01-15', '1', 77, 0),
(896, 'Edelyn Tolibas', '2026-01-15', '1', 78, 0),
(897, 'Jennebel Suello', '2026-01-19', '1', 48, 0),
(898, 'Jennebel Suello', '2026-01-20', '1', 48, 0),
(899, 'Bien Valdez', '2026-01-21', '0.5', 92, 0),
(900, 'Allen Rose Cahilig', '2026-01-19', '1', 19, 0),
(901, 'Bianca Inocencio', '2026-01-16', '1', 72, 0),
(902, 'Allaine Bless Espinosa', '2026-01-20', '1', 58, 0),
(903, 'Bianca Inocencio', '2026-01-23', '1', 72, 0),
(904, 'Meralynn Doria', '2026-01-19', '1', 20, 0),
(905, 'Meralynn Doria', '2026-01-20', '1', 20, 0),
(906, 'Meralynn Doria', '2026-01-21', '1', 20, 0),
(907, 'Meralynn Doria', '2026-01-22', '1', 20, 0),
(908, 'Meralynn Doria', '2026-01-23', '1', 20, 0),
(909, 'Meralynn Doria', '2026-01-26', '1', 20, 0),
(910, 'Meralynn Doria', '2026-01-27', '1', 20, 0),
(911, 'Meralynn Doria', '2026-01-28', '1', 20, 0),
(912, 'Meralynn Doria', '2026-01-29', '1', 20, 0),
(913, 'Meralynn Doria', '2026-01-30', '1', 20, 0),
(914, 'Meralynn Doria', '2026-01-12', '1', 20, 0),
(915, 'Meralynn Doria', '2026-01-13', '1', 20, 0),
(916, 'Meralynn Doria', '2026-01-14', '1', 20, 0),
(917, 'Meralynn Doria', '2026-01-15', '1', 20, 0),
(918, 'Meralynn Doria', '2026-01-16', '1', 20, 0),
(919, 'Meralynn Doria', '2026-01-08', '1', 20, 0),
(920, 'Meralynn Doria', '2026-01-09', '1', 20, 0),
(921, 'Ivy Bejerano', '2026-01-01', '1', 79, 0),
(922, 'Ivy Bejerano', '2026-01-02', '1', 79, 0),
(923, 'Meralynn Doria', '2026-01-05', '1', 20, 0),
(924, 'Meralynn Doria', '2026-01-06', '1', 20, 0),
(925, 'Meralynn Doria', '2026-01-07', '1', 20, 0),
(926, 'Ivy Bejerano', '2026-01-15', '1', 79, 0),
(927, 'Ivy Bejerano', '2026-01-16', '1', 79, 0),
(928, 'Ivy Bejerano', '2026-01-19', '1', 79, 0),
(929, 'Ivy Bejerano', '2026-01-20', '1', 79, 0),
(930, 'Ivy Bejerano', '2026-01-21', '1', 79, 0),
(931, 'Maria Valerie Gomez', '2026-01-27', '1', 25, 0),
(932, 'Julie-an Camazo', '2026-01-26', '1', 21, 0),
(933, 'Rochelle Pornobi', '2026-01-26', '0.5', 99, 0),
(934, 'Mark Lourenz Brutas', '2026-01-30', '0.5', 77, 0),
(935, 'Emanuel Saez', '2026-01-30', '1', 76, 0),
(936, 'JR Mahinan', '2026-01-30', '1', 112, 0),
(937, 'Jennebel Suello', '2026-02-02', '1', 48, 0),
(938, 'Hannah Mae Pangan', '2026-02-02', '1', 64, 0),
(939, 'Mary Rose Andal', '2026-02-03', '1', 80, 0),
(940, 'Allen Rose Cahilig', '2026-02-09', '1', 19, 0),
(941, 'Allen Rose Cahilig', '2026-02-11', '1', 19, 0),
(942, 'Bianca Inocencio', '2026-02-09', '1', 72, 0),
(943, 'Jennebel Suello', '2026-02-13', '0.5', 48, 0),
(944, 'Mark Lourenz Brutas', '2026-02-16', '1', 77, 0),
(945, 'Mark Lourenz Brutas', '2026-02-18', '0.5', 77, 0),
(946, 'JR Mahinan', '2026-02-16', '1', 112, 0),
(947, 'Bien Valdez', '2026-02-05', '1', 92, 0),
(948, 'Julie-an Camazo', '2026-02-06', '1', 21, 0),
(949, 'JR Mahinan', '2026-02-06', '1', 112, 0),
(950, 'Ivy Bejerano', '2026-02-12', '1', 79, 0),
(951, 'Ivy Bejerano', '2026-02-13', '1', 79, 0),
(952, 'Ivy Bejerano', '2026-02-16', '1', 79, 0),
(953, 'Ivy Bejerano', '2026-02-17', '1', 79, 0),
(954, 'Ivy Bejerano', '2026-02-18', '1', 79, 0),
(955, 'Mary Rose Andal', '2026-02-13', '0.5', 80, 0),
(956, 'Hannah Mae Pangan', '2026-02-16', '1', 64, 0),
(957, 'Ivy Bejerano', '2026-02-19', '1', 79, 0),
(958, 'Ivy Bejerano', '2026-02-20', '1', 79, 0),
(959, 'Ivy Bejerano', '2026-02-23', '1', 79, 0),
(960, 'Ivy Bejerano', '2026-02-24', '1', 79, 0),
(961, 'Ivy Bejerano', '2026-02-25', '1', 79, 0),
(962, 'Mark Lourenz Brutas', '2026-02-26', '1', 77, 0),
(963, 'Mary Rose Andal', '2026-02-27', '1', 80, 0),
(964, 'Jennebel Suello', '2026-03-02', '1', 48, 0),
(965, 'Reymund Rodelas', '2026-03-02', '1', 26, 0),
(966, 'Ivy Bejerano', '2026-02-26', '1', 79, 0),
(967, 'Ivy Bejerano', '2026-02-27', '1', 79, 0),
(968, 'Ivy Bejerano', '2026-03-02', '1', 79, 0),
(969, 'Ivy Bejerano', '2026-03-03', '1', 79, 0),
(970, 'Ivy Bejerano', '2026-03-04', '1', 79, 0),
(971, 'Meralynn Doria', '2026-03-02', '1', 20, 0),
(972, 'Meralynn Doria', '2026-03-03', '1', 20, 0),
(973, 'Allaine Bless Espinosa', '2026-03-02', '1', 58, 0),
(974, 'Joy Tiempo', '2026-02-27', '1', 10, 0);
INSERT INTO `leave_status` (`id`, `employee_name`, `leave_date`, `leave_duration`, `employee_id`, `is_deleted`) VALUES
(975, 'Julie-an Camazo', '2026-03-03', '1', 21, 0),
(976, 'Edwin Lachica', '2026-03-02', '0.5', 106, 0),
(977, 'Julie-an Camazo', '2026-03-06', '1', 21, 0),
(978, 'Edelyn Tolibas', '2026-03-06', '1', 78, 0),
(979, 'JR Mahinan', '2026-03-09', '1', 112, 0),
(980, 'Meralynn Doria', '2026-03-10', '1', 20, 0),
(981, 'Bien Valdez', '2026-03-11', '1', 92, 0),
(982, 'Reymund Rodelas', '2026-03-10', '1', 26, 0),
(983, 'Reymund Rodelas', '2026-03-09', '0.5', 26, 0),
(984, 'Edelyn Tolibas', '2026-03-12', '1', 78, 0),
(985, 'Allen Rose Cahilig', '2026-03-06', '1', 19, 0),
(986, 'Danica Mae Zarsata', '2026-03-12', '1', 113, 0),
(987, 'Bianca Inocencio', '2026-03-11', '1', 72, 0),
(988, 'Bianca Inocencio', '2026-03-12', '1', 72, 0),
(989, 'Mary Rose Andal', '2026-03-13', '1', 80, 0),
(990, 'Allen Rose Cahilig', '2026-03-17', '1', 19, 0),
(991, 'Jennebel Suello', '2026-03-17', '1', 48, 0),
(992, 'Danica Mae Zarsata', '2026-03-25', '1', 113, 0),
(993, 'Allen Rose Cahilig', '2026-03-23', '1', 19, 0),
(994, 'Allen Rose Cahilig', '2026-03-25', '1', 19, 0),
(995, 'Hannah Mae Pangan', '2026-03-19', '1', 64, 0),
(996, 'Jennebel Suello', '2026-03-24', '1', 48, 0),
(997, 'Jennebel Suello', '2026-03-25', '1', 48, 0),
(998, 'Jennebel Suello', '2026-04-06', '1', 48, 0),
(999, 'Emanuel Saez', '2026-04-06', '1', 76, 0),
(1000, 'Emanuel Saez', '2026-04-07', '1', 76, 0),
(1001, 'Julie-an Camazo', '2026-04-06', '1', 21, 0),
(1002, 'Julie-an Camazo', '2026-04-07', '1', 21, 0),
(1003, 'Julie-an Camazo', '2026-04-08', '1', 21, 0),
(1004, 'Julie-an Camazo', '2026-04-10', '1', 21, 0),
(1005, 'JR Mahinan', '2026-04-10', '1', 112, 0),
(1006, 'Bien Valdez', '2026-04-13', '1', 92, 0),
(1007, 'Hannah Mae Pangan', '2026-04-10', '1', 64, 0),
(1008, 'Edelyn Tolibas', '2026-04-17', '1', 78, 0),
(1009, 'Michaela Cedilla', '2026-04-20', '1', 63, 0),
(1010, 'Meralynn Doria', '2026-04-16', '1', 20, 0),
(1011, 'Meralynn Doria', '2026-04-17', '1', 20, 0),
(1012, 'Hannah Mae Pangan', '2026-04-17', '1', 64, 0),
(1013, 'Danica Mae Zarsata', '2026-04-23', '1', 113, 0),
(1014, 'Danica Mae Zarsata', '2026-04-24', '1', 113, 0),
(1015, 'Danica Mae Zarsata', '2026-04-27', '1', 113, 0),
(1016, 'Danica Mae Zarsata', '2026-04-28', '1', 113, 0),
(1017, 'Danica Mae Zarsata', '2026-04-29', '1', 113, 0),
(1018, 'Allen Rose Cahilig', '2026-04-29', '1', 19, 0),
(1019, 'Allen Rose Cahilig', '2026-04-28', '1', 19, 0),
(1020, 'Allen Rose Cahilig', '2026-04-30', '1', 19, 0),
(1021, 'Jennebel Suello', '2026-05-04', '1', 48, 0),
(1022, 'JR Mahinan', '2026-05-04', '1', 112, 0),
(1023, 'Michaela Cedilla', '2026-04-30', '1', 63, 0),
(1024, 'Allaine Bless Espinosa', '2026-04-30', '1', 58, 0),
(1025, 'Hannah Mae Pangan', '2026-05-04', '1', 64, 0);

--
-- Triggers `leave_status`
--
DELIMITER $$
CREATE TRIGGER `before_insert_leave_status` BEFORE INSERT ON `leave_status` FOR EACH ROW BEGIN
    SET NEW.employee_id = (SELECT id FROM users WHERE name = NEW.employee_name LIMIT 1);
END
$$
DELIMITER ;

-- --------------------------------------------------------

--
-- Table structure for table `product_details`
--

CREATE TABLE `product_details` (
  `id` int(11) NOT NULL,
  `encodedID` int(11) DEFAULT NULL,
  `productTypeID` int(11) DEFAULT NULL,
  `productSubcategoryID` int(11) DEFAULT NULL,
  `quantity` int(11) DEFAULT NULL,
  `is_deleted` tinyint(1) NOT NULL DEFAULT 0,
  `deviceConditionID` int(11) DEFAULT NULL
) ENGINE=InnoDB DEFAULT CHARSET=utf8mb4 COLLATE=utf8mb4_general_ci;

--
-- Dumping data for table `product_details`
--

INSERT INTO `product_details` (`id`, `encodedID`, `productTypeID`, `productSubcategoryID`, `quantity`, `is_deleted`, `deviceConditionID`) VALUES
(14744, 35, 255, 16, 12, 0, 302),
(14745, 36, 255, 29, 3, 0, 302),
(14746, 36, 255, 25, 30, 0, 302),
(14747, 37, 265, 130, 12, 0, 302),
(14748, 38, 266, 134, 13, 0, 302),
(14749, 38, 266, 135, 39, 0, 302),
(14750, 39, 266, 134, 38, 0, 302),
(14751, 40, 338, 130, 3, 0, 302),
(14752, 40, 265, NULL, 4, 0, 302),
(14753, 41, 338, 19, 12, 0, 302),
(14754, 41, 255, NULL, 12, 0, 303),
(14755, 42, 264, NULL, 12, 0, 302),
(14756, 43, 265, 129, 2, 0, 302);

-- --------------------------------------------------------

--
-- Table structure for table `subcategories`
--

CREATE TABLE `subcategories` (
  `id` int(11) NOT NULL,
  `category_id` int(11) NOT NULL,
  `subcategory_name` varchar(255) NOT NULL,
  `is_deleted` tinyint(1) NOT NULL DEFAULT 0
) ENGINE=InnoDB DEFAULT CHARSET=utf8mb4 COLLATE=utf8mb4_general_ci;

--
-- Dumping data for table `subcategories`
--

INSERT INTO `subcategories` (`id`, `category_id`, `subcategory_name`, `is_deleted`) VALUES
(1, 71, 'Email', 0),
(2, 71, 'Call', 0),
(3, 71, 'F2F', 0),
(4, 71, 'Social Media', 0),
(5, 71, 'Others', 0),
(6, 74, 'Facebook', 0),
(7, 74, 'LinkedIn', 0),
(8, 74, 'Email', 0),
(9, 74, 'Website', 0),
(10, 74, 'Call', 0),
(11, 74, 'Others', 0),
(12, 75, 'Employee', 0),
(13, 75, 'Global', 0),
(14, 75, 'Customer', 0),
(15, 75, 'Trader', 0),
(16, 255, 'BHC3350i', 0),
(17, 255, 'BH-C4050i', 0),
(18, 255, 'BH-4750i', 0),
(19, 255, 'BH-4700i', 0),
(20, 255, 'BH-4050i', 0),
(21, 255, 'BH-4000i', 0),
(22, 255, 'BH-4052', 0),
(23, 255, 'BH-4752', 0),
(24, 255, 'BH-C3110', 0),
(25, 255, 'BH-C227', 0),
(26, 255, 'BH-C227i', 0),
(27, 255, 'BH-C300i', 0),
(28, 255, 'BH-C250i', 0),
(29, 255, 'BH-C360i', 0),
(30, 255, 'BH-C368', 0),
(31, 255, 'BH-C450i', 0),
(32, 255, 'BH-C550i', 0),
(33, 255, 'BH-C750i', 0),
(34, 255, 'BH-C221', 0),
(35, 255, 'BH-C224', 0),
(36, 255, 'BH-C281', 0),
(37, 255, 'BH-C284', 0),
(38, 255, 'BH-C308', 0),
(39, 255, 'BH-C364E', 0),
(40, 255, 'BH-C658', 0),
(41, 255, 'BH-C454', 0),
(42, 255, 'BH-C458', 0),
(43, 255, 'BH-C554E', 0),
(44, 255, 'BH-C558', 0),
(45, 255, 'BH-C654E', 0),
(46, 255, 'BH-185e', 0),
(47, 255, 'BH-185en', 0),
(48, 255, 'BH-205i', 0),
(49, 255, 'BH-306i', 0),
(50, 255, 'BH-287', 0),
(51, 255, 'BH-306', 0),
(52, 255, 'BH-367', 0),
(53, 255, 'BH-367RC', 0),
(54, 255, 'BH-458E', 0),
(55, 255, 'BH-450i', 0),
(56, 255, 'BH-550i', 0),
(57, 255, 'BH-650i', 0),
(58, 255, 'BH-751i', 0),
(59, 255, 'BH-758', 0),
(60, 255, 'BH-206', 0),
(61, 255, 'BH-223', 0),
(62, 255, 'BH-224E', 0),
(63, 255, 'BH-364E', 0),
(64, 255, 'BH-283', 0),
(65, 255, 'BH-284', 0),
(66, 255, 'BH-284E', 0),
(67, 255, 'BH-363', 0),
(68, 255, 'BH-363RC', 0),
(69, 255, 'BH-368E', 0),
(70, 255, 'BH-423', 0),
(71, 255, 'BH-454E', 0),
(72, 255, 'BH-552', 0),
(73, 255, 'BH-554E', 0),
(74, 255, 'BH-558', 0),
(75, 255, 'BH-652', 0),
(76, 255, 'BH-654E', 0),
(77, 255, 'BH-658E', 0),
(78, 255, 'BH-754e', 0),
(79, 258, 'CV1200', 0),
(80, 258, 'CV3230', 0),
(81, 258, 'CV3130', 0),
(82, 258, 'SF5230EII', 0),
(83, 258, 'SF5330EII', 0),
(84, 258, 'SF5350EII', 0),
(85, 258, 'SF5350AG', 0),
(86, 258, 'SF5230AG', 0),
(87, 258, 'SF9350AG', 0),
(88, 258, 'SF9390A', 0),
(89, 258, 'MZ970', 0),
(90, 258, 'CZ180', 0),
(91, 258, 'EZ2300AG', 0),
(92, 258, 'EZ2301', 0),
(93, 258, 'EZ331', 0),
(94, 258, 'EZ3701', 0),
(95, 258, 'EZ5700AG', 0),
(96, 258, 'KS800', 0),
(97, 258, 'KZ30', 0),
(98, 258, 'MF9350AG', 0),
(99, 258, 'MZ7700AG', 0),
(100, 258, 'MZ770A', 0),
(101, 258, 'MZ970A', 0),
(102, 258, 'MZ8700AG', 0),
(103, 258, 'RZ2300', 0),
(104, 258, 'RZ3700', 0),
(105, 258, 'RZ5700AG', 0),
(106, 258, 'RZ970', 0),
(107, 258, 'SE9380', 0),
(108, 256, 'AC-C3070', 0),
(109, 256, 'AC-C4070', 0),
(110, 256, 'AC-C4065', 0),
(111, 256, 'AC-6120', 0),
(112, 256, 'BH-1250', 0),
(113, 256, 'AC-C2060', 0),
(114, 256, 'BH-C1100', 0),
(115, 256, 'AS-3600', 0),
(116, 256, 'BH-920', 0),
(117, 256, 'BH-C6000', 0),
(118, 256, 'BH-C7000', 0),
(119, 256, 'BH-C8000', 0),
(120, 257, 'AS 3600 SPOT UV WITH I-FOIL', 0),
(121, 257, 'AS 3600 SPOT UV', 0),
(123, 223, 'Technical Compliance', 1),
(124, 223, 'Specifications', 1),
(125, 223, 'Relationship', 1),
(126, 235, 'Non-responsive', 0),
(127, 235, 'No Requirements', 0),
(128, 235, 'No Budget', 0),
(129, 265, 'Seating', 0),
(130, 265, 'Tables', 0),
(131, 265, 'Desk & Benching', 0),
(132, 265, 'Pods & Panels', 0),
(133, 266, 'Seating', 0),
(134, 266, 'Tables', 0),
(135, 266, 'Desk & Benching', 0),
(136, 266, 'Pods & Panels', 0),
(137, 304, 'Farms', 0),
(138, 304, 'Agricultural Supplies', 0),
(139, 304, 'Fishing', 0),
(140, 305, 'Airlines', 0),
(141, 306, 'Banks', 0),
(142, 306, 'Financial Institution', 0),
(143, 306, 'Investment Firms', 0),
(144, 307, 'Call Centers', 0),
(145, 307, 'Back Office Operations', 0),
(146, 307, 'Customer Service Providers', 0),
(147, 308, 'Radio', 0),
(148, 308, 'TV Networks', 0),
(149, 308, 'Media Companies', 0),
(150, 309, 'Consultancies', 0),
(151, 310, 'Academic', 0),
(152, 310, 'Book & Magazine Publishers', 0),
(153, 311, 'Property Developers', 0),
(154, 312, 'Lending Company', 0),
(155, 313, 'Distribution', 0),
(156, 314, 'Schools', 0),
(157, 314, 'Universities', 0),
(158, 314, 'Colleges', 0),
(159, 315, 'Government Offices', 0),
(160, 315, 'Municipalities', 0),
(161, 316, 'Hospitals', 0),
(162, 316, 'Clinics', 0),
(163, 317, 'Hotels', 0),
(164, 317, 'Restaurants', 0),
(165, 318, 'Software Company', 0),
(166, 318, 'IT Firms', 0),
(167, 318, 'Electronics', 0),
(168, 319, 'Law Firms', 0),
(169, 319, 'Legal Consultancies', 0),
(170, 320, 'Recruitment Agencies', 0),
(171, 320, 'Staffing Firms', 0),
(172, 320, 'Talent Management Services', 0),
(173, 321, 'Factories', 0),
(174, 321, 'Machinery Manufacturers', 0),
(175, 322, 'Agencies & Creative Services', 0),
(176, 323, 'Mining Industries', 0),
(177, 323, 'Oil & Gas Producers', 0),
(178, 324, 'Charitable Foundations', 0),
(179, 324, 'Grants', 0),
(180, 325, 'Personal Use', 0),
(181, 326, 'Pharmaceutical Companies', 0),
(182, 327, 'Energy Companies', 0),
(183, 327, 'Water Providers', 0),
(184, 327, 'Gas Providers', 0),
(185, 328, 'Copy Center', 0),
(186, 328, 'Merchandising', 0),
(187, 328, 'Enterprise', 0),
(188, 329, 'Real Estate Agencies', 0),
(189, 329, 'Contractors', 0),
(190, 330, 'Gyms', 0),
(191, 330, 'Sports Leagues', 0),
(192, 330, 'Outdoor Activity Providers', 0),
(193, 330, 'Fitness Centers', 0),
(194, 330, 'Wellness Clinics', 0),
(195, 331, 'Community Organizations', 0),
(196, 331, 'Religious Organizations', 0),
(197, 331, 'Cooperatives', 0),
(198, 332, 'Security Firms', 0),
(199, 332, 'Surveillance Companies', 0),
(200, 333, 'Phone Companies', 0),
(201, 333, 'Internet Service Providers', 0),
(202, 334, 'Wholesale', 0),
(203, 334, 'Retailer', 0),
(204, 334, 'Trader', 0),
(205, 335, 'Shipping Companies', 0),
(206, 335, 'Freight Services', 0),
(207, 335, 'Warehousing Providers', 0),
(208, 256, 'AC-C1060', 0),
(209, 256, 'AC-C1070', 0);

-- --------------------------------------------------------

--
-- Table structure for table `users`
--

CREATE TABLE `users` (
  `id` int(11) NOT NULL,
  `name` varchar(100) NOT NULL,
  `user_id` varchar(200) NOT NULL,
  `password` varchar(100) NOT NULL,
  `dept` varchar(200) NOT NULL,
  `category` varchar(100) NOT NULL,
  `log_at` datetime NOT NULL DEFAULT current_timestamp(),
  `pass_change` varchar(10) NOT NULL,
  `stat` varchar(100) NOT NULL,
  `branch` varchar(50) DEFAULT NULL,
  `authority` varchar(200) NOT NULL,
  `handled` varchar(200) NOT NULL,
  `is_download_restricted` tinyint(1) NOT NULL DEFAULT 0,
  `is_deleted` tinyint(1) NOT NULL DEFAULT 0
) ENGINE=InnoDB DEFAULT CHARSET=utf8mb4 COLLATE=utf8mb4_general_ci;

--
-- Dumping data for table `users`
--

INSERT INTO `users` (`id`, `name`, `user_id`, `password`, `dept`, `category`, `log_at`, `pass_change`, `stat`, `branch`, `authority`, `handled`, `is_download_restricted`, `is_deleted`) VALUES
(4, 'Neil Estrella', 'neil.estrella', '$2y$10$ihytYkNQ77YbyuY4j8V0oebuCeBHQVK99NzdybUS22ikMkFN64dfW', 'OP Sales - MFP/RISO', 'Manager', '2025-06-23 09:31:33', 'Yes', 'offline', 'Main Office', 'Manager', 'OP MFP(SOUTH)', 0, 0),
(5, 'Ron Cabrera', 'ron.cabrera', '$2y$10$Gep4Dn0.KAQlJ8X82YG1tOGdB45gHk2PwxQPALKUcZS8z8yMgMzVC', 'OP Sales - PP', 'Manager', '2026-05-11 11:04:22', 'No', 'online', 'Main Office', 'Senior Manager', 'PP SALES', 0, 0),
(6, 'Joey Francisco', 'joey.francisco', '$2y$10$hBOEcSr/.pwmOHXcJwHYKeCMcBCTMEFqv8zztxrhg85KYI4UNWMGS', 'CSD', 'Manager', '2026-02-12 16:03:12', 'Yes', 'offline', 'Main Office', 'General Manager', 'BRANCH - CEBU', 0, 0),
(9, 'Jade Lorenz Cruz', 'jadelorenz.cruz', '$2y$10$wGoDIgrVvRC0z9ZjQSK7C.wzWV/fjZAAfAELu14DV0GWbutE1hSV6', 'CSD', 'User', '2025-06-30 11:09:32', 'Yes', 'online', 'Main Office', 'Sales Executive', 'RENTAL SALES - QC/ORTIGAS', 0, 1),
(10, 'Joy Tiempo', 'joy.tiempo', '$2y$10$d3NlxEuhaGJWE0Qi99uHlem07oInHrQLZqEEUUSlrBGcH7WcT9Gpe', 'OP Sales - PP', 'User', '2026-05-13 12:58:33', 'Yes', 'offline', 'Main Office', 'Account Executive', 'PP SALES', 0, 0),
(15, 'Jefferson Manabat', 'jefferson.manabat', '$2y$10$ROl99k/b8.GntwwOL3CeBuL2bS3UfKQHjByKR5ifS0d/vT6/PNkau', 'OP Sales - MFP/RISO', 'User', '2025-02-18 13:10:49', 'No', 'online', 'Angeles', 'Manager', 'BRANCH - ANGELES', 0, 0),
(19, 'Allen Rose Cahilig', 'allen.cahilig', '$2y$10$wPYU8BZ7Nbzo7gzNrN3G1.pLR8HbTgK.uCaWejvCFAHfv7cx55mXC', 'OP Consumables', 'User', '2026-04-07 15:23:05', 'Yes', 'offline', 'Main Office', 'Sales Executive', 'OP CONSUMABLES SALES', 0, 0),
(20, 'Meralynn Doria', 'meralynn.doria', '$2y$10$1jTeUr/c/4HaRoWNcBvR2et64XbXoxz3AzIJ4cb5TxqqFt7X0QkTO', 'OP Consumables ', 'User', '2026-04-27 11:50:22', 'No', 'online', 'Main Office', 'Sales Executive', 'OP CONSUMABLES SALES', 0, 0),
(21, 'Julie-an Camazo', 'juliean.camazo', '$2y$10$pLitrGP.Qwp67NZrCUVSw.Ss9TOPmrix27QxARvY6f8qTTNwGzQfm', 'OP Consumables', 'User', '2026-04-01 10:21:43', 'Yes', 'online', 'Cagayan De Oro', 'Sales Executive', 'OP CONSUMABLES SALES', 0, 1),
(25, 'Maria Valerie Gomez', 'valerie.gomez', '$2y$10$DsAkFxCXome1/l1Dj/8W6.njiid3UckPl6OjNk5khwxlF87JYiDe2', 'OP Sales - MFP/RISO', 'User', '2026-05-05 08:09:57', 'Yes', 'online', 'Main Office', 'User', 'OP MFP(SOUTH)', 0, 0),
(26, 'Reymund Rodelas', 'reymund.rodelas', '$2y$10$n67ADmlGVbOaCwSbeZ2mdeEOhWNDtCHsdsD8ghUqlwPSQzZhi28bS', 'CSD', 'User', '2026-05-13 14:30:04', 'Yes', 'online', 'Main Office', 'Sales Executive', 'RENTAL SALES - MAKATI/BGC', 0, 0),
(29, 'Reynaldo Francisco', 'reynaldo.francisco', '$2y$10$f.gRvAlT8tLYJE1yLfdwC.KKUwBO9oDvm5gzG5t7BBvLGcwq9qo2u', 'CSD', 'Manager', '2026-05-07 08:12:51', 'No', 'offline', 'Main Office', 'Assistant Manager', 'RENTAL SALES - SOUTH MANILA', 0, 0),
(31, 'Carlos Ramirez', 'carlos.ramirez', '$2y$10$DSPhGXmIRPZJL4zCLU9sM.gFzotz0XwRRMtvn8wn7q1LzWQG/gBSC', 'CSD', 'Manager', '2025-06-30 11:12:20', 'No', 'online', 'Main Office', 'Assistant Manager', 'RENTAL SALES - MAKATI/BGC', 0, 0),
(33, 'Dories Azeez', 'doresalyn.azeez', '$2y$10$/bydO1FAuTswd5N8yYDmk.6iN86noJIe.bRvVLVOgzZORqOtqej..', 'Furniture', 'User', '2026-05-06 18:10:23', 'Yes', 'online', 'Main Office', 'Assistant Manager', 'FURNITURE', 0, 0),
(34, 'Michael Oriarte', 'michael.oriarte', '$2y$10$TNxFsKB9P7.is3UKINmZPOgiMqKhc1a8JEl0Rjrtc2csYLMQ5C57O', 'MIS', 'Admin', '2024-01-24 16:04:51', 'No', 'New', 'Main Office', '', '', 0, 0),
(36, 'Ubix Admin', 'ubix.admin', '$2y$10$CaNzBN6rSmMVJuChDxuekOaV4UqlHE4bbfWcakweVgnZbEUF1kwx2', 'MIS', 'Admin', '2026-05-06 14:12:19', 'Yes', 'offline', 'Main Office', '', '', 0, 0),
(39, 'Benjur Castillo', 'benjur.castillo', '$2y$10$i2s4TSi6b3GAJQnsOQIdEeNvY6k7psk0B7g8HTr6UDF709Ger/JBG', 'OP Sales - MFP/RISO', 'User', '2025-04-16 17:21:03', 'No', 'offline', 'Main Office', 'Sales Executive', 'OP MFP(SOUTH)', 0, 1),
(41, 'Ken Angelo Azanza', 'kenangelo.azanza', '$2y$10$jSxaCF5G3RPZBdfvGQEUS.jbqyceUED7HayU1DCqVYWH6L.AQzMAW', 'OP Sales - MFP/RISO', 'User', '2025-04-21 14:00:40', 'No', 'offline', 'Main Office', 'Sales Executive', '', 0, 1),
(45, 'Excel Marie Villanueva', 'excelmarie.villanueva', '$2y$10$h8XImu/QpyBhtsqdgQPH6On7hHZndY54KGkE3/479Ms3g47rxnTbK', 'OP Sales - PP', 'Admin', '2024-04-17 16:43:50', 'Yes', 'offline', 'Main Office', '', '', 0, 1),
(48, 'Jennebel Suello', 'jennebel.suello', '$2y$10$m5N9uXxWlg8l00jz9azyWOEzEeHykmCoNolS3qq6geO4C1mAu3tcG', 'OP Consumables', 'User', '2026-05-13 17:54:00', 'No', 'offline', 'Gensan', 'Sales Executive', 'OP CONSUMABLES SALES', 0, 0),
(49, 'Jezza Bantillan', 'jezza.bantillan', '$2y$10$puqXbOcHL43O9j9qBVqvyeGWpFfWkfUOrLosJhe4oL7RyoQ89hXo6', 'CSD', 'User', '2025-02-10 18:23:44', 'No', 'offline', 'Main Office', 'Sales Executive', '', 0, 1),
(54, 'John Joseph Rugue', 'johnjoseph.rugue', '$2y$10$azAdKyDCaC/i4bGOBFRsruy.8dnoqjk1fC27bjpNbSV21e8bDOfQK', 'CSD', 'Manager', '2025-11-04 14:23:18', 'Yes', 'online', 'Main Office', 'Manager', 'RENTAL SALES - QC/ORTIGAS', 0, 1),
(55, 'Mhackhy Villasan', 'mhackhy.villasan', '$2y$10$XUgExOHSLG5JkpiWQm6EYOnBzVaCXhy0QlMeBCxOIQ2FSUjPYOqoO', 'OP Sales - MFP/RISO', 'User', '2025-05-29 17:28:34', 'Yes', 'offline', 'Main Office', 'Account Executive', 'OP MFP(SOUTH)', 0, 1),
(58, 'Allaine Bless Espinosa', 'allaine.espinosa', '$2y$10$YFflP8F./DW/LvXkxFKWJu3peyIEJvaWPfsCgP0p5hWWnSbw51feK', 'CSD', 'User', '2026-05-07 13:44:01', 'Yes', 'offline', 'Main Office', 'Sales Executive', 'RENTAL SALES - SOUTH MANILA', 0, 0),
(59, 'Mark Joseph Butihin', 'markjoseph.butihin', '$2y$10$4w02z65tM/n0vQoiKqORDeNgnh38ZmS1y2oiskmrJpTdCy5vO9hqe', 'CSD', 'User', '2025-04-15 11:48:54', 'Yes', 'offline', 'Main Office', 'Sales Executive', '', 0, 1),
(60, 'Ferdinand Dee', 'ferdinand.dee', '$2y$10$mjP3DbhiMFY6/WyRQTIHNOzJegv3XJIoYHJ.JPBiCmsuFCnyt4YVa', 'OP Sales - MFP/RISO', 'User', '2025-05-14 14:02:41', 'Yes', 'offline', 'Main Office', 'User', 'OP MFP(SOUTH)', 1, 1),
(61, 'Ma. Lorie Mae Baltar', 'lorie.baltar', '$2y$10$bAcxKVXukV/yiAx5kioyVulXG6XSoruB0MDm6zGsgirKwt8qFIcoW', 'CSD', 'Admin', '2026-05-13 17:52:44', 'Yes', 'offline', 'Main Office', 'User', '', 0, 0),
(62, 'Diane Gepilano', 'diane.gepilano', '$2y$10$xNzK06NDjetYf.arq5yEg.5uoYwTm/EJqJ7ommNpe9CepMe9pzTo6', 'UIC', 'Manager', '2024-11-20 12:14:22', 'Yes', 'offline', 'Main Office', 'Manager', '', 0, 0),
(63, 'Michaela Cedilla', 'michaela.cedilla', '$2y$10$kCG9D94Az2w18c61Mkwciuaya0d3uBNAb15KlVrbHDWbXoOHV3RRi', 'CSD', 'User', '2026-03-19 17:38:49', 'Yes', 'offline', 'Main Office', 'User', 'RENTAL SALES - MAKATI/BGC', 0, 1),
(64, 'Hannah Mae Pangan', 'hannah.pangan', '$2y$10$ryO0RUi9kPz96E2gXw.sQOAqpBpYo7BHlN3XukuBZJDdAKAhH2Hh.', 'CSD', 'User', '2026-05-12 09:39:50', 'Yes', 'online', 'Main Office', 'User', 'RENTAL SALES - MAKATI/BGC', 0, 0),
(66, 'Execquil Maniclang', 'Execquil.maniclang', '$2y$10$XMbAfE8P4oGIY34C4X7UF.4wmcemRc9cs3HscV8hra33j1JM4MIUS', 'CSD', 'User', '2025-04-03 09:11:31', 'Yes', 'offline', 'Main Office', 'User', '', 0, 1),
(69, 'Bon Bidan', 'bon', '$2y$10$igq6m6xTkc7RJULtLQnx1uOpluLnTgF0rzs0r0aeNqfSwpPgMYBbu', 'MIS', 'Admin', '2026-02-12 11:08:29', 'No', 'online', 'Main Office', 'Manager', '', 0, 0),
(70, 'Jemwel C. Aguilar', 'jemwel.aguilar', '$2y$10$GWn2chGt9BuTHulhTEWQ..qyXFt96uK1oQKQXR6d10p9u6.vZGmwC', 'OP Sales - MFP/RISO', 'User', '2025-07-10 09:37:46', 'Yes', 'online', 'Cebu', 'User', 'BRANCH - CEBU', 0, 1),
(71, 'Melody Laureano', 'melody.laureano', '$2y$10$V8.NrvroyseAk3NE6g5wyuLEyaXtGIV9/TV2tBR5bqcUjMr75Ssi.', 'CSD', 'User', '2025-04-24 11:37:27', 'Yes', 'online', 'Main Office', 'User', 'RENTAL SALES - SOUTH MANILA', 0, 1),
(72, 'Bianca Inocencio', 'bianca.inocencio', '$2y$10$ExpgFJE5sjJB6zsK.P8/HOp9es7tNZBgChmTdyu9gX/0P3Z8wQxYC', 'CSD', 'User', '2026-05-07 13:41:48', 'Yes', 'offline', 'Main Office', 'User', 'RENTAL SALES - SOUTH MANILA', 0, 0),
(74, 'Meghan Cabrera', 'meghan.cabrera', '$2y$10$H1bjwdBcgGcu8YXS/bxr7u14RLEgB0l3WQ1lvlTyCsaTkymI.hVJG', 'CSD', 'User', '2025-04-10 10:17:10', 'Yes', 'online', 'Main Office', 'User', '', 0, 1),
(76, 'Emanuel Saez', 'emanuel.saez', '$2y$10$cgV.sHCxPZtMIJCDOGmNG.C.v0.RGDmhpKK/pd/Dij2kbUXCF3WwC', 'OP Sales - MFP/RISO', 'User', '2026-05-07 14:27:48', 'Yes', 'offline', 'Main Office', 'User', 'OP MFP(SOUTH)', 0, 0),
(77, 'Aaron Camacho', 'aaron.camacho', '$2y$10$W8/C2g5EgkGvBSLxdebVeO5PmMZ4QYBTyfx162Ebdl9dz2Exva4Wi', 'OP Consumables', 'User', '2026-05-11 17:11:22', 'Yes', 'online', 'Main Office', 'User', 'OP CONSUMABLES SALES', 0, 0),
(78, 'Edelyn Tolibas', 'edelyn.tolibas', '$2y$10$yaZ6CaVqr671qs9kmfGE0uvb7WDNEVgZE2WqKhURnPxZAVXiUqRI.', 'OP Consumables', 'User', '2026-05-13 09:03:50', 'Yes', 'online', 'Tacloban', 'User', 'OP CONSUMABLES SALES', 0, 0),
(79, 'Ivy Bejerano', 'ivy.bejerano', '$2y$10$Kv/L4Vow/zE.Oe2XQgMLd.LmeOxCyo1LZJDCcAzGJ51dIBT69TXxu', 'OP Consumables', 'User', '2025-08-04 14:11:44', 'Yes', 'online', 'Zamboanga', 'User', 'OP CONSUMABLES SALES', 0, 0),
(80, 'Mary Rose Andal', 'maryrose.andal', '$2y$10$SJM4l.ILEyDMxJKRk0kOsu8KaYJwbZfAZqTxMAkgR3eUMWPSo7P4y', 'OP Consumables', 'User', '2026-03-27 08:57:07', 'Yes', 'online', 'Main Office', 'User', 'OP CONSUMABLES SALES', 0, 1),
(81, 'John Rafael Mahinay', 'john.mahinay', '$2y$10$45iM4kb/QwAfZ8t/yPeBAeusLWOe4RXGYgAcaaNSKrO/7kTcRy3BG', 'OP Consumables', 'User', '2025-10-06 08:54:51', 'Yes', 'online', 'Bacolod', 'User', 'OP CONSUMABLES SALES', 0, 1),
(82, 'Ronjel Veneracion', 'ronjel.veneracion', '$2y$10$AA74AcdETiaZZWLXRr1Tb.9t9ZvbyCW0oqFm6YFUIQMojoyddx5eO', 'OP Sales - MFP/RISO', 'User', '2025-10-02 15:15:50', 'Yes', 'online', 'Gensan', 'User', 'BRANCH - GENSAN', 0, 1),
(83, 'Jude Jesrel Pacatang', 'jude.pacatang', '$2y$10$zNlbmqdTGicGGvXLTrfLbu9LCXqQxGV8QBJaiE4Xu7cV50bV.XoS.', 'OP Sales - MFP/RISO', 'User', '2025-04-30 08:22:26', 'Yes', 'online', 'Dumaguete', 'User', 'BRANCH - DUMAGUETE', 0, 1),
(84, 'Jane Mendoza', 'jane.mendoza', '$2y$10$c0oeq9Itq4AsOxfpDx3nR.KmYbWQF1/Q0/1Q39QkwAo2PrClIuFj.', 'OP Consumables', 'Manager', '2026-02-09 11:39:03', 'Yes', 'online', 'Main Office', 'Manager', 'OP CONSUMABLES SALES', 0, 0),
(85, 'Yoshi Hondo', 'yoshi.hondo', '$2y$10$5BA0KPu43G/mCi3F6svvIOUUgX2b4vrfTciWiPMYQALXHeHAwlUFe', 'UIC', 'User', '0000-00-00 00:00:00', 'Yes', 'New', 'Main Office', 'User', '', 0, 0),
(86, 'Kyle Marquez', 'kyle.marquez', '$2y$10$QgyxxSoGJyyAKk6nVMxEOO6KLVxrSGkuHaXxIzrG4mBS4iVhdFiKa', 'UIC', 'User', '0000-00-00 00:00:00', 'Yes', 'New', 'Main Office', 'User', '', 0, 1),
(87, 'Monico Alexander Flores', 'monico.flores', '$2y$10$r4.WLnXoSrkwbdRO8fcdk.qQgtJHzKEwFkEpPKH.g94yzvaZKG5iG', 'OP Sales - MFP/RISO', 'User', '2025-09-04 17:49:46', 'Yes', 'online', 'Main Office', 'User', 'OP RISO', 0, 1),
(89, 'Ralph Ronnie Ian Dela Cruz', 'ralph.delacruz', '$2y$10$y9N0rCe4Qfa1Jl2bU1RuGO.0jxmOIOkk4vv78zKBmVSQkfxsp6XGO', 'CSD', 'User', '2025-06-05 08:42:20', 'Yes', 'online', 'Main Office', 'User', 'RENTAL SALES - QC/ORTIGAS', 0, 1),
(90, 'Ronald Talampas', 'ronald.talampas', '$2y$10$S1tTANj3omEl5mHY/TKu1OC3RVnnZcsf5xdz.3Qe2j/m1vq5yz9TK', 'OP Sales - PP', 'User', '2025-07-01 16:50:52', 'Yes', 'offline', 'Main Office', 'User', 'PP SALES', 0, 1),
(91, 'Jomar Soriano', 'jomar.soriano', '$2y$10$jHsqNemq5SFzQZYUkG6dxeaX4tArdZA0BgezMkUxqJqJUdIGXmrxa', 'CSD', 'User', '2026-02-09 14:56:53', 'Yes', 'online', 'Main Office', 'User', 'RENTAL SALES - QC/ORTIGAS', 0, 0),
(92, 'Bien Valdez', 'bien.valdez', '$2y$10$1.QTovkm2arZQ9ZOpDRIserJqFMzYX7W3knFvuF.Imt.kf6.K2ogm', 'CSD', 'User', '2026-05-14 08:03:08', 'Yes', 'online', 'Main Office', 'User', 'RENTAL SALES - SOUTH MANILA', 0, 0),
(93, 'Catalino Rullan', 'catalino.rullan', '$2y$10$qqxUZ7A66KCSog8YYsEieeOwS527nqSy4edG.wWYhszmLeOiLSz7i', 'OP Consumables', 'User', '2025-06-30 14:30:49', 'Yes', 'online', 'Cabanatuan', 'User', 'OP CONSUMABLES SALES', 0, 1),
(94, 'Larry Paul Petargue', 'larry.petargue', '$2y$10$o.Z4y.qIN51joxzQUkb3QuI3k4S2Cb3LYzKrOGssryD8dKpm77lNi', 'OP Sales - MFP/RISO', 'User', '2025-06-09 10:44:27', 'Yes', 'online', 'Main Office', 'User', 'OP MFP(SOUTH)', 0, 1),
(95, 'Siricia-Mae Torres', 'siricia.torres', '$2y$10$dUKufmBitvf6lqkJ121AkuMLELnwn8kFnVkdmyycCPfyzXFu7P/qu', 'CSD', 'User', '2025-12-09 18:28:07', 'Yes', 'online', 'Main Office', 'User', 'RENTAL SALES - QC/ORTIGAS', 0, 1),
(96, 'Lauriece Jade Zamora', 'lauriece.zamora', '$2y$10$RtogfZt6papzt6EMHyKEtuq5mg6usAWe9xGineYbZ0LSf8dRKZfPq', 'OP Sales - MFP/RISO', 'User', '2025-08-22 14:31:40', 'Yes', 'offline', 'Main Office', 'User', 'OP MFP(SOUTH)', 0, 1),
(97, 'Nicko Acita', 'nicko.acita', '$2y$10$654Ly1FKh4RG5niqcqXsYucYLmXsBpoqlnPWs8hTwYLAS2MjAM1P6', 'CSD', 'User', '2025-10-30 15:32:42', 'Yes', 'offline', 'Main Office', 'User', 'RENTAL SALES - QC/ORTIGAS', 0, 1),
(98, 'Patricia Collin Gallano', 'patricia.gallano', '$2y$10$6GrrAgmuLq3eNlvHoDVAeuX5Fij4Rgpk1jsOtvHzZdwP/hW8yL46K', 'CSD', 'User', '0000-00-00 00:00:00', 'Yes', 'New', 'Main Office', 'User', 'RENTAL SALES - MAKATI/BGC', 0, 1),
(99, 'Rochelle Pornobi', 'rochelle.pornobi', '$2y$10$jvCtUxKe7d9epalpIPqpPOvjxJaJTBabUPZZUe1jJW.C8jG2Sk6Yy', 'CSD', 'User', '2026-02-20 08:28:56', 'Yes', 'online', 'Main Office', 'User', 'RENTAL SALES - MAKATI/BGC', 0, 1),
(100, 'Daniel De Leon', 'daniel.deleon', '$2y$10$EfOW8DwxNMggLfmSdg7VW.oU5Wmdsrj1XfZulLwVMTBNXf4eJ69eu', 'CSD', 'User', '2025-11-17 09:16:10', 'Yes', 'online', 'Main Office', 'User', 'RENTAL SALES - MAKATI/BGC', 0, 1),
(101, 'Angelica Lejano', 'angelica.lejano', '$2y$10$yNE7bdQFHXGsN7RHi9iKOOA7Y2OG3Qu/GNyQk2koDeB7AU6lWDWbe', 'CSD', 'User', '2025-12-26 08:25:12', 'Yes', 'online', 'Main Office', 'User', 'RENTAL SALES - QC/ORTIGAS', 0, 1),
(102, 'John Gabriel Carpio', 'john.carpio', '$2y$10$3PeF2xHOfN9r/raY4ix3QeGEYbQwEgjDGJGSL7SbCPTtDgCsRb2l2', 'CSD', 'User', '2025-09-17 13:48:49', 'Yes', 'online', 'Main Office', 'User', 'RENTAL SALES - QC/ORTIGAS', 0, 1),
(103, 'Ken Angelo Tatel', 'ken.tatel', '$2y$10$sdg5N7Hzre32PoIaEbyG7ur0G.xmKKfRwNZIbBSRNM5Qcjktsm24S', 'CSD', 'User', '2025-09-15 13:08:21', 'Yes', 'online', 'Main Office', 'User', 'RENTAL SALES - SOUTH MANILA', 0, 1),
(104, 'Luis Mayrina', 'luis.mayrina', '$2y$10$n6LhEuZxxUM6NuwIAPxelOEaxPCdLSmqEJsm4SFHKX55U5w4wRvo6', 'MIS', 'Admin', '2026-04-16 08:34:08', 'Yes', 'online', 'Main Office', 'User', '', 0, 0),
(105, 'Jose Eduardo Bauyon', 'jose.bauyon', '$2y$10$/.wnCaVr6uJGRPmuFYomb./nWd50rs2HA8RyEEUrIfNCb36Mg9sZq', 'OP Consumables', 'User', '2026-01-14 15:13:10', 'Yes', 'online', 'Main Office', 'User', 'OP RISO', 0, 1),
(106, 'Edwin Lachica', 'edwin.lachica', '$2y$10$plcH0olDo0raDTpKUwfKR.kOAt5zdzcmSDApJcUDtJp08c1Ts7bM6', 'OP Sales - MFP/RISO', 'Manager', '2026-03-03 11:17:49', '', 'offline', 'Main Office', 'Manager', 'OP MFP(SOUTH)', 0, 1),
(107, 'Miguel Canio', 'miguel.canio', '$2y$10$5EWdwgRQheawblZdTeb95OG4sSLsBMiLzjz9jCHQkqqhUjGjWTRzm', 'OP Sales - PP', 'Manager', '2026-01-07 13:57:08', 'Yes', 'online', 'Main Office', 'Manager', '', 0, 0),
(111, 'Edwin Lachica', 'ed.lachica', '$2y$10$HSBik8rL4LXWfxN08hfAROw.VzKqhQmrRwQLtcb.4Oe1QJcR2zuXe', 'OP Sales - MFP/RISO', 'User', '2026-03-26 07:54:09', 'Yes', 'online', 'Main Office', 'User', 'OP MFP(NORTH)', 0, 1),
(112, 'JR Mahinay', 'jr.mahinay', '$2y$10$HkdpR6XzfZ9rWTgYTfjMI.XdGGObbOyKxgHFg8LCxFqmZ770OdUAa', 'OP Consumables', 'User', '2026-03-13 08:58:22', 'Yes', 'online', 'Bacolod', 'Account Executive', 'BRANCH - BACOLOD', 0, 0),
(113, 'Danica Mae Zarsata', 'danica.zarsata', '$2y$10$eT1DjhL50X/yDBaIHtSbd.o3mmi50s8vBrb9LxSZvdmLhj4Dr38iO', 'OP Consumables', 'User', '2026-03-23 07:55:34', 'Yes', 'online', 'Main Office', 'User', 'OP CONSUMABLES SALES', 0, 0),
(114, 'Michaela Cedilla', 'michael.cedilla', '$2y$10$CCN63CN77iUiYmA4w6eNPeV9TwHPu14QMUz72NiYna6LUM1p3ug1u', 'CSD', 'User', '2026-03-19 17:38:49', 'Yes', 'offline', 'Main Office', 'User', '', 0, 1),
(117, 'Ronan De Chavez', 'ronan.dechavez', '$2y$10$5yR7whGOhLhTFoi2E2D86.QdwN2DP69.ry7MLOTbpTkAMycPWlyRm', 'OP Consumables', 'User', '2026-03-06 08:19:41', 'No', 'online', 'Main Office', 'User', 'RENTAL SALES - QC/ORTIGAS', 0, 1),
(123, 'Michaela Cedilla', 'cedilla.michaela', '$2y$10$sQg4emeijow3YHKqKXg33uWCBXQNj7CNzp11VzjLswI0HyiYANPIS', 'CSD', 'User', '2026-05-14 08:03:38', 'No', 'online', 'Main Office', 'User', 'RENTAL SALES - MAKATI/BGC', 0, 0),
(124, 'Timothy Ed Austria', 'timothy.austria', '$2y$10$Lcv2LKHaBX08ZhHYuKQkwOpYGE.vgZ4E0dvMHV/IqOOLmJ5NHsxve', 'OP Sales - PP', 'User', '2026-05-13 08:30:58', 'Yes', 'online', 'Main Office', 'User', 'PP SALES', 0, 0),
(125, 'Kenneth Esguerra', 'kenneth.esguerra', '$2y$10$pqQ0GCU2ib9KMQM6X80G5uGFZ5OwJcyuDhMx77FsXUTlmNbB1TgCC', 'OP Sales - MFP/RISO', 'User', '2026-05-14 08:04:27', 'Yes', 'online', 'Main Office', 'User', 'OP RISO', 0, 0),
(126, 'Nathaniel Talag', 'nath', '$2y$10$VKCoUalmUlIF6u45MxP/fO9wJP7cAbNFH7d5rqHpmddYNarX.PjIm', 'MIS', 'Admin', '2026-06-09 10:30:13', 'Yes', 'offline', 'Main Office', '', '', 0, 0),
(127, 'test', 'test', '$2y$10$WKQ.37vP.EfnQab9K7UWCe.WF0PJH2aTEz709D2PUOIMwoVxw06OC', 'Food and Beverages', 'Manager', '2026-06-09 10:30:18', 'No', 'online', 'Main Office', 'Sales Executive', 'BRANCH - CEBU', 0, 0);

--
-- Indexes for dumped tables
--

--
-- Indexes for table `categories`
--
ALTER TABLE `categories`
  ADD PRIMARY KEY (`id`);

--
-- Indexes for table `dashboard_settings`
--
ALTER TABLE `dashboard_settings`
  ADD PRIMARY KEY (`id`),
  ADD UNIQUE KEY `setting_key` (`setting_key`);

--
-- Indexes for table `encoded`
--
ALTER TABLE `encoded`
  ADD PRIMARY KEY (`id`),
  ADD KEY `fk_accexec` (`accexec_id`);

--
-- Indexes for table `encoded_logs`
--
ALTER TABLE `encoded_logs`
  ADD PRIMARY KEY (`id`),
  ADD KEY `fk_encoded_logs_parent` (`encodedID`);

--
-- Indexes for table `event`
--
ALTER TABLE `event`
  ADD PRIMARY KEY (`id`),
  ADD KEY `fk_event_employee` (`employee_id`);

--
-- Indexes for table `holidays`
--
ALTER TABLE `holidays`
  ADD PRIMARY KEY (`id`);

--
-- Indexes for table `leave_status`
--
ALTER TABLE `leave_status`
  ADD PRIMARY KEY (`id`),
  ADD KEY `fk_leave_status_employee` (`employee_id`);

--
-- Indexes for table `product_details`
--
ALTER TABLE `product_details`
  ADD PRIMARY KEY (`id`),
  ADD KEY `encodedID` (`encodedID`),
  ADD KEY `productTypeID` (`productTypeID`),
  ADD KEY `productSubcategoryID` (`productSubcategoryID`),
  ADD KEY `fk_device_condition` (`deviceConditionID`);

--
-- Indexes for table `subcategories`
--
ALTER TABLE `subcategories`
  ADD PRIMARY KEY (`id`),
  ADD KEY `category_id` (`category_id`);

--
-- Indexes for table `users`
--
ALTER TABLE `users`
  ADD PRIMARY KEY (`id`),
  ADD UNIQUE KEY `user_id` (`user_id`);

--
-- AUTO_INCREMENT for dumped tables
--

--
-- AUTO_INCREMENT for table `categories`
--
ALTER TABLE `categories`
  MODIFY `id` int(200) NOT NULL AUTO_INCREMENT, AUTO_INCREMENT=350;

--
-- AUTO_INCREMENT for table `dashboard_settings`
--
ALTER TABLE `dashboard_settings`
  MODIFY `id` int(11) NOT NULL AUTO_INCREMENT, AUTO_INCREMENT=15;

--
-- AUTO_INCREMENT for table `encoded`
--
ALTER TABLE `encoded`
  MODIFY `id` int(200) NOT NULL AUTO_INCREMENT, AUTO_INCREMENT=44;

--
-- AUTO_INCREMENT for table `encoded_logs`
--
ALTER TABLE `encoded_logs`
  MODIFY `id` int(11) NOT NULL AUTO_INCREMENT, AUTO_INCREMENT=35;

--
-- AUTO_INCREMENT for table `event`
--
ALTER TABLE `event`
  MODIFY `id` int(200) NOT NULL AUTO_INCREMENT, AUTO_INCREMENT=443;

--
-- AUTO_INCREMENT for table `holidays`
--
ALTER TABLE `holidays`
  MODIFY `id` int(200) NOT NULL AUTO_INCREMENT, AUTO_INCREMENT=56;

--
-- AUTO_INCREMENT for table `leave_status`
--
ALTER TABLE `leave_status`
  MODIFY `id` int(200) NOT NULL AUTO_INCREMENT, AUTO_INCREMENT=1026;

--
-- AUTO_INCREMENT for table `product_details`
--
ALTER TABLE `product_details`
  MODIFY `id` int(11) NOT NULL AUTO_INCREMENT, AUTO_INCREMENT=14757;

--
-- AUTO_INCREMENT for table `subcategories`
--
ALTER TABLE `subcategories`
  MODIFY `id` int(11) NOT NULL AUTO_INCREMENT, AUTO_INCREMENT=210;

--
-- AUTO_INCREMENT for table `users`
--
ALTER TABLE `users`
  MODIFY `id` int(11) NOT NULL AUTO_INCREMENT, AUTO_INCREMENT=128;

--
-- Constraints for dumped tables
--

--
-- Constraints for table `encoded`
--
ALTER TABLE `encoded`
  ADD CONSTRAINT `fk_accexec` FOREIGN KEY (`accexec_id`) REFERENCES `users` (`id`);

--
-- Constraints for table `encoded_logs`
--
ALTER TABLE `encoded_logs`
  ADD CONSTRAINT `fk_encoded_logs_parent` FOREIGN KEY (`encodedID`) REFERENCES `encoded` (`id`) ON DELETE CASCADE ON UPDATE CASCADE;

--
-- Constraints for table `event`
--
ALTER TABLE `event`
  ADD CONSTRAINT `fk_event_employee` FOREIGN KEY (`employee_id`) REFERENCES `users` (`id`);

--
-- Constraints for table `leave_status`
--
ALTER TABLE `leave_status`
  ADD CONSTRAINT `fk_leave_status_employee` FOREIGN KEY (`employee_id`) REFERENCES `users` (`id`);

--
-- Constraints for table `product_details`
--
ALTER TABLE `product_details`
  ADD CONSTRAINT `fk_device_condition` FOREIGN KEY (`deviceConditionID`) REFERENCES `categories` (`id`),
  ADD CONSTRAINT `product_details_ibfk_1` FOREIGN KEY (`encodedID`) REFERENCES `encoded` (`id`) ON DELETE CASCADE,
  ADD CONSTRAINT `product_details_ibfk_2` FOREIGN KEY (`productTypeID`) REFERENCES `categories` (`id`) ON DELETE CASCADE,
  ADD CONSTRAINT `product_details_ibfk_3` FOREIGN KEY (`productSubcategoryID`) REFERENCES `subcategories` (`id`) ON DELETE CASCADE;

--
-- Constraints for table `subcategories`
--
ALTER TABLE `subcategories`
  ADD CONSTRAINT `subcategories_ibfk_1` FOREIGN KEY (`category_id`) REFERENCES `categories` (`id`);
COMMIT;

/*!40101 SET CHARACTER_SET_CLIENT=@OLD_CHARACTER_SET_CLIENT */;
/*!40101 SET CHARACTER_SET_RESULTS=@OLD_CHARACTER_SET_RESULTS */;
/*!40101 SET COLLATION_CONNECTION=@OLD_COLLATION_CONNECTION */;
